sample_id,subject_id,activity_id,frame,true_label,prob_phone_front,prob_phone_side,pred_label_front,pred_label_side,prob_phone_average,pred_average,prob_phone_adaptive,pred_adaptive
S04_AC01_F00001,4,1,1,0,0.75852001,0.64369059,1.0,1.0,0.7011053,1,0.70439813,1
S04_AC01_F00021,4,1,21,0,0.31386688,0.51115662,0.0,1.0,0.41251175,0,0.40390343,0
S04_AC01_F00041,4,1,41,0,0.32690874,0.5518055,0.0,1.0,0.43935712,0,0.43254627,0
S04_AC01_F00061,4,1,61,0,0.22692688,0.53609228,0.0,1.0,0.38150958,0,0.36327825,0
S04_AC01_F00081,4,1,81,0,0.36481676,0.65958351,0.0,1.0,0.51220014,1,0.51399814,1
S04_AC01_F00101,4,1,101,0,0.18173052,0.51214123,0.0,1.0,0.34693588,0,0.32184451,0
S04_AC01_F00121,4,1,121,0,0.35333836,0.44678941,0.0,0.0,0.40006388,0,0.3978822,0
S04_AC01_F00141,4,1,141,0,0.59031481,0.86401093,1.0,1.0,0.72716287,1,0.74577423,1
S04_AC01_F00161,4,1,161,0,0.28770533,0.57452637,0.0,1.0,0.43111585,0,0.42125273,0
S04_AC05_F00001,4,5,1,1,0.75238079,0.71484029,1.0,1.0,0.73361054,1,0.73396282,1
S04_AC05_F00021,4,5,21,1,0.57627696,0.77304113,1.0,1.0,0.67465904,1,0.68430697,1
S04_AC05_F00041,4,5,41,1,0.72863775,0.75704378,1.0,1.0,0.74284076,1,0.74304248,1
S04_AC05_F00061,4,5,61,1,0.58499032,0.67712498,1.0,1.0,0.63105765,1,0.63317835,1
S04_AC05_F00081,4,5,81,1,0.70348251,0.6795786,1.0,1.0,0.69153056,1,0.6916734,1
S04_AC05_F00101,4,5,101,1,0.70076948,0.78152508,1.0,1.0,0.74114728,1,0.74277676,1
S04_AC06_F00001,4,6,1,1,0.37172559,0.77075094,0.0,1.0,0.57123826,1,0.58542721,1
S04_AC06_F00021,4,6,21,1,0.84777719,0.93075085,1.0,1.0,0.88926402,1,0.89098419,1
S04_AC06_F00041,4,6,41,1,0.73478782,0.71141064,1.0,1.0,0.72309923,1,0.72323585,1
S04_AC06_F00061,4,6,61,1,0.6339187,0.88016742,1.0,1.0,0.75704306,1,0.77212653,1
S04_AC07_F00001,4,7,1,1,0.21823972,0.66049987,0.0,1.0,0.4393698,0,0.42597904,0
S04_AC07_F00021,4,7,21,1,0.7659899,0.77292675,1.0,1.0,0.76945832,1,0.76947035,1
S04_AC07_F00041,4,7,41,1,0.9035871,0.82529372,1.0,1.0,0.86444041,1,0.86597209,1
S04_AC07_F00061,4,7,61,1,0.93595541,0.93223339,1.0,1.0,0.9340944,1,0.93409786,1
S04_AC07_F00081,4,7,81,1,0.87414485,0.81064397,1.0,1.0,0.84239441,1,0.84340216,1
S04_AC07_F00101,4,7,101,1,0.89741534,0.87381715,1.0,1.0,0.88561624,1,0.88575546,1
S04_AC07_F00121,4,7,121,1,0.73413795,0.87533551,1.0,1.0,0.80473673,1,0.80971265,1
S04_AC07_F00141,4,7,141,1,0.82031214,0.76174879,1.0,1.0,0.79103046,1,0.79188764,1
S04_AC08_F00001,4,8,1,1,0.53047758,0.66175753,1.0,1.0,0.59611756,1,0.60041998,1
S04_AC08_F00021,4,8,21,1,0.82648718,0.92361891,1.0,1.0,0.87505304,1,0.87740984,1
S04_AC08_F00041,4,8,41,1,0.78893,0.81423277,1.0,1.0,0.80158138,1,0.80174143,1
S04_AC08_F00061,4,8,61,1,0.39589599,0.91509491,0.0,1.0,0.65549545,1,0.69553976,1
S04_AC08_F00081,4,8,81,1,0.67947608,0.89181328,1.0,1.0,0.78564468,1,0.79687429,1
S04_AC08_F00101,4,8,101,1,0.88603312,0.8237834,1.0,1.0,0.85490826,1,0.8558767,1
S04_AC08_F00121,4,8,121,1,0.59719938,0.45969421,1.0,0.0,0.5284468,1,0.53040206,1
S04_AC08_F00141,4,8,141,1,0.62503809,0.64295161,1.0,1.0,0.63399485,1,0.63407507,1
S04_AC08_F00161,4,8,161,1,0.68207109,0.86909235,1.0,1.0,0.77558172,1,0.78430056,1
S04_AC08_F00181,4,8,181,1,0.91281122,0.85370076,1.0,1.0,0.88325599,1,0.88412925,1
S04_AC09_F00001,4,9,1,1,0.31141254,0.44712049,0.0,0.0,0.37926652,0,0.37466941,0
S04_AC09_F00021,4,9,21,1,0.93581414,0.77629399,1.0,1.0,0.85605406,1,0.86240228,1
S04_AC09_F00041,4,9,41,1,0.96202701,0.73832071,1.0,1.0,0.85017386,1,0.86263307,1
S04_AC09_F00061,4,9,61,1,0.89966464,0.76675636,1.0,1.0,0.8332105,1,0.83762016,1
S04_AC09_F00081,4,9,81,1,0.83189738,0.78242099,1.0,1.0,0.80715918,1,0.80777104,1
S04_AC09_F00101,4,9,101,1,0.81073064,0.66450495,1.0,1.0,0.7376178,1,0.74295378,1
S04_AC09_F00121,4,9,121,1,0.90085655,0.78941673,1.0,1.0,0.84513664,1,0.84823814,1
S04_AC09_F00141,4,9,141,1,0.82445151,0.62681121,1.0,1.0,0.72563136,1,0.73536512,1
S04_AC09_F00161,4,9,161,1,0.80521947,0.54351789,1.0,1.0,0.67436868,1,0.69139355,1
S04_AC09_F00181,4,9,181,1,0.83139086,0.68959451,1.0,1.0,0.76049268,1,0.76551083,1
S08_AC01_F00001,8,1,1,0,0.19203188,0.61115891,0.0,1.0,0.4015954,0,0.38103969,0
S08_AC01_F00021,8,1,21,0,0.38248265,0.61828905,0.0,1.0,0.50038585,1,0.50043134,1
S08_AC01_F00041,8,1,41,0,0.17976226,0.64452851,0.0,1.0,0.41214538,0,0.39178182,0
S08_AC01_F00061,8,1,61,0,0.11677739,0.48710608,0.0,0.0,0.30194174,0,0.26804244,0
S08_AC01_F00081,8,1,81,0,0.25577107,0.70453298,0.0,1.0,0.48015202,0,0.4756991,0
S08_AC01_F00101,8,1,101,0,0.48106599,0.59373111,0.0,1.0,0.53739855,1,0.53950432,1
S08_AC01_F00121,8,1,121,0,0.67589182,0.65223038,1.0,1.0,0.6640611,1,0.66420106,1
S08_AC01_F00141,8,1,141,0,0.53192538,0.62008595,1.0,1.0,0.57600567,1,0.57794748,1
S08_AC01_F00161,8,1,161,0,0.59151608,0.56366181,1.0,1.0,0.57758894,1,0.5777829,1
S08_AC01_F00181,8,1,181,0,0.6103633,0.66560173,1.0,1.0,0.63798252,1,0.63874514,1
S08_AC01_F00201,8,1,201,0,0.9851265,0.57998013,1.0,1.0,0.78255332,1,0.82303696,1
S08_AC01_F00221,8,1,221,0,0.93483341,0.71885908,1.0,1.0,0.82684624,1,0.83846236,1
S08_AC05_F00001,8,5,1,1,0.34384322,0.46069875,0.0,0.0,0.40227098,0,0.39886106,0
S08_AC05_F00021,8,5,21,1,0.70269763,0.62947512,1.0,1.0,0.66608638,1,0.66742616,1
S08_AC05_F00041,8,5,41,1,0.71975726,0.7886585,1.0,1.0,0.75420788,1,0.75539426,1
S08_AC05_F00061,8,5,61,1,0.81014913,0.63280743,1.0,1.0,0.72147828,1,0.72932026,1
S08_AC05_F00081,8,5,81,1,0.75888455,0.69092596,1.0,1.0,0.72490525,1,0.7260594,1
S08_AC05_F00101,8,5,101,1,0.89112806,0.52182734,1.0,1.0,0.7064777,1,0.74019116,1
S08_AC05_F00121,8,5,121,1,0.83615369,0.59393674,1.0,1.0,0.71504522,1,0.72964119,1
S08_AC05_F00141,8,5,141,1,0.72531301,0.69479513,1.0,1.0,0.71005407,1,0.71028689,1
S08_AC05_F00161,8,5,161,1,0.76469404,0.6444549,1.0,1.0,0.70457447,1,0.70818448,1
S08_AC06_F00001,8,6,1,1,0.68029046,0.82235581,1.0,1.0,0.75132314,1,0.75636031,1
S08_AC06_F00021,8,6,21,1,0.84878975,0.73670805,1.0,1.0,0.7927489,1,0.79588619,1
S08_AC06_F00041,8,6,41,1,0.89106625,0.81175011,1.0,1.0,0.85140818,1,0.85298012,1
S08_AC06_F00061,8,6,61,1,0.81175381,0.71998954,1.0,1.0,0.76587168,1,0.76797537,1
S08_AC06_F00081,8,6,81,1,0.7920177,0.75258964,1.0,1.0,0.77230367,1,0.77269226,1
S08_AC06_F00101,8,6,101,1,0.6645484,0.77928382,1.0,1.0,0.72191611,1,0.72520356,1
S08_AC06_F00121,8,6,121,1,0.88933933,0.7527703,1.0,1.0,0.82105482,1,0.82571036,1
S08_AC06_F00141,8,6,141,1,0.56865257,0.73207122,1.0,1.0,0.6503619,1,0.65702349,1
S08_AC07_F00001,8,7,1,1,0.48966652,0.58610946,0.0,1.0,0.53788799,1,0.53971413,1
S08_AC07_F00021,8,7,21,1,0.90314341,0.80304199,1.0,1.0,0.8530927,1,0.85559568,1
S08_AC07_F00041,8,7,41,1,0.93160039,0.73024565,1.0,1.0,0.83092302,1,0.84102485,1
S08_AC07_F00061,8,7,61,1,0.96220899,0.71895975,1.0,1.0,0.84058437,1,0.85530441,1
S08_AC07_F00081,8,7,81,1,0.8826353,0.74141991,1.0,1.0,0.8120276,1,0.81700478,1
S08_AC07_F00101,8,7,101,1,0.81608659,0.69793004,1.0,1.0,0.75700832,1,0.7604945,1
S08_AC07_F00121,8,7,121,1,0.89561284,0.70597833,1.0,1.0,0.80079558,1,0.80975905,1
S08_AC07_F00141,8,7,141,1,0.83553571,0.69334483,1.0,1.0,0.76444027,1,0.76948633,1
S08_AC08_F00001,8,8,1,1,0.33514199,0.5365234,0.0,1.0,0.4358327,0,0.4293805,0
S08_AC08_F00021,8,8,21,1,0.60670739,0.79424745,1.0,1.0,0.70047742,1,0.70924456,1
S08_AC08_F00041,8,8,41,1,0.65253192,0.70535606,1.0,1.0,0.67894399,1,0.67964143,1
S08_AC08_F00061,8,8,61,1,0.51447672,0.62139201,1.0,1.0,0.56793436,1,0.57078937,1
S08_AC08_F00081,8,8,81,1,0.75843966,0.69065744,1.0,1.0,0.72454855,1,0.72569672,1
S08_AC08_F00101,8,8,101,1,0.71644843,0.7844401,1.0,1.0,0.75044426,1,0.75159954,1
S08_AC08_F00121,8,8,121,1,0.58016735,0.70898163,1.0,1.0,0.64457449,1,0.64871704,1
S08_AC08_F00141,8,8,141,1,0.59286988,0.67829132,1.0,1.0,0.6355806,1,0.6374037,1
S08_AC08_F00161,8,8,161,1,0.31082901,0.67643869,0.0,1.0,0.49363385,0,0.4924701,0
S08_AC08_F00181,8,8,181,1,0.46554795,0.50846285,0.0,1.0,0.4870054,0,0.48672658,0
S08_AC08_F00201,8,8,201,1,0.67268491,0.57687187,1.0,1.0,0.62477839,1,0.62707167,1
S08_AC09_F00001,8,9,1,1,0.68226826,0.72505325,1.0,1.0,0.70366076,1,0.70411832,1
S08_AC09_F00021,8,9,21,1,0.73866636,0.7993173,1.0,1.0,0.76899183,1,0.76991118,1
S08_AC09_F00041,8,9,41,1,0.81536841,0.72926003,1.0,1.0,0.77231422,1,0.77416674,1
S08_AC09_F00061,8,9,61,1,0.77086538,0.8221457,1.0,1.0,0.79650554,1,0.79716281,1
S08_AC09_F00081,8,9,81,1,0.71327502,0.90852356,1.0,1.0,0.81089929,1,0.82039963,1
S08_AC09_F00101,8,9,101,1,0.89856219,0.79968244,1.0,1.0,0.84912232,1,0.85156463,1
S08_AC09_F00121,8,9,121,1,0.85400349,0.82858831,1.0,1.0,0.8412959,1,0.84145737,1
S08_AC09_F00141,8,9,141,1,0.70295817,0.61817032,1.0,1.0,0.66056424,1,0.66236041,1
S10_AC01_F00001,10,1,1,0,0.14028738,0.65112311,0.0,1.0,0.39570524,0,0.36916267,0
S10_AC01_F00021,10,1,21,0,0.16912098,0.58355337,0.0,1.0,0.37633718,0,0.35084206,0
S10_AC01_F00041,10,1,41,0,0.9159978,0.77713239,1.0,1.0,0.8465651,1,0.85137826,1
S10_AC01_F00061,10,1,61,0,0.79067308,0.83086318,1.0,1.0,0.81076813,1,0.81117189,1
S10_AC01_F00081,10,1,81,0,0.19002528,0.75792938,0.0,1.0,0.47397733,0,0.46658981,0
S10_AC01_F00101,10,1,101,0,0.21801165,0.85598809,0.0,1.0,0.53699987,1,0.54879701,1
S10_AC01_F00121,10,1,121,0,0.43949819,0.83406466,0.0,1.0,0.63678142,1,0.66359907,1
S10_AC01_F00141,10,1,141,0,0.38327453,0.90416962,0.0,1.0,0.64372208,1,0.68089852,1
S10_AC05_F00001,10,5,1,1,0.87220782,0.79619938,1.0,1.0,0.8342036,1,0.83564723,1
S10_AC05_F00021,10,5,21,1,0.92927897,0.9222858,1.0,1.0,0.92578238,1,0.92579461,1
S10_AC05_F00041,10,5,41,1,0.87194395,0.8666777,1.0,1.0,0.86931082,1,0.86931776,1
S10_AC05_F00061,10,5,61,1,0.90357465,0.91501272,1.0,1.0,0.90929368,1,0.90932639,1
S10_AC05_F00081,10,5,81,1,0.98045242,0.94060403,1.0,1.0,0.96052822,1,0.96092515,1
S10_AC05_F00101,10,5,101,1,0.91826147,0.91385198,1.0,1.0,0.91605672,1,0.91606159,1
S10_AC05_F00121,10,5,121,1,0.8701058,0.87917739,1.0,1.0,0.8746416,1,0.87466217,1
S10_AC06_F00001,10,6,1,1,0.42823872,0.93874198,0.0,1.0,0.68349035,1,0.72980791,1
S10_AC06_F00021,10,6,21,1,0.90381151,0.90854925,1.0,1.0,0.90618038,1,0.90618599,1
S10_AC06_F00041,10,6,41,1,0.72872728,0.96152925,1.0,1.0,0.84512826,1,0.85861659,1
S10_AC06_F00061,10,6,61,1,0.29026201,0.84194309,0.0,1.0,0.56610255,1,0.5843098,1
S10_AC06_F00081,10,6,81,1,0.4025628,0.81057304,0.0,1.0,0.60656792,1,0.62822639,1
S10_AC06_F00101,10,6,101,1,0.62299365,0.78447652,1.0,1.0,0.70373508,1,0.71024013,1
S10_AC06_F00121,10,6,121,1,0.72683465,0.86210221,1.0,1.0,0.79446843,1,0.7990358,1
S10_AC06_F00141,10,6,141,1,0.52580708,0.86241156,1.0,1.0,0.69410932,1,0.72217051,1
S10_AC07_F00001,10,7,1,1,0.98217577,0.95782191,1.0,1.0,0.96999884,1,0.97014711,1
S10_AC07_F00021,10,7,21,1,0.82635182,0.82785064,1.0,1.0,0.82710123,1,0.82710179,1
S10_AC07_F00041,10,7,41,1,0.89300066,0.86930436,1.0,1.0,0.88115251,1,0.88129288,1
S10_AC07_F00061,10,7,61,1,0.88539886,0.95891702,1.0,1.0,0.92215794,1,0.92350856,1
S10_AC07_F00081,10,7,81,1,0.93601412,0.84847426,1.0,1.0,0.89224419,1,0.89415877,1
S10_AC07_F00101,10,7,101,1,0.88446629,0.9495728,1.0,1.0,0.91701954,1,0.91807889,1
S10_AC08_F00001,10,8,1,1,0.98024541,0.92936587,1.0,1.0,0.95480564,1,0.95545268,1
S10_AC08_F00021,10,8,21,1,0.88524032,0.83614928,1.0,1.0,0.8606948,1,0.86129716,1
S10_AC08_F00041,10,8,41,1,0.68278182,0.850986,1.0,1.0,0.76688391,1,0.77394044,1
S10_AC08_F00061,10,8,61,1,0.9683252,0.96188062,1.0,1.0,0.96510291,1,0.96511329,1
S10_AC08_F00081,10,8,81,1,0.71519417,0.88471478,1.0,1.0,0.79995448,1,0.80712163,1
S10_AC08_F00101,10,8,101,1,0.76330727,0.90301555,1.0,1.0,0.83316141,1,0.83803309,1
S10_AC08_F00121,10,8,121,1,0.31666598,0.84963924,0.0,1.0,0.58315261,1,0.60526074,1
S10_AC09_F00001,10,9,1,1,0.91840827,0.81825566,1.0,1.0,0.86833197,1,0.87083751,1
S10_AC09_F00021,10,9,21,1,0.69914573,0.83567655,1.0,1.0,0.76741114,1,0.77206408,1
S10_AC09_F00041,10,9,41,1,0.67022043,0.80914783,1.0,1.0,0.73968413,1,0.74450159,1
S10_AC09_F00061,10,9,61,1,0.91947341,0.85852957,1.0,1.0,0.88900149,1,0.88992974,1
S10_AC09_F00081,10,9,81,1,0.95289701,0.96144915,1.0,1.0,0.95717308,1,0.95719136,1
S10_AC09_F00101,10,9,101,1,0.91769201,0.96978956,1.0,1.0,0.94374078,1,0.94441917,1
S10_AC09_F00121,10,9,121,1,0.68972433,0.76019961,1.0,1.0,0.72496197,1,0.72620315,1
S10_AC09_F00141,10,9,141,1,0.48619455,0.89227515,0.0,1.0,0.68923485,1,0.72720499,1
S10_AC09_F00161,10,9,161,1,0.749547,0.93636787,1.0,1.0,0.84295744,1,0.85165765,1
S11_AC01_F00001,11,1,1,0,0.16869351,0.63990468,0.0,1.0,0.4042991,0,0.38182001,0
S11_AC01_F00021,11,1,21,0,0.39820826,0.69528735,0.0,1.0,0.5467478,1,0.55368665,1
S11_AC01_F00041,11,1,41,0,0.20883527,0.53588873,0.0,1.0,0.372362,0,0.35160239,0
S11_AC01_F00061,11,1,61,0,0.80026573,0.93064451,1.0,1.0,0.86545512,1,0.86969877,1
S11_AC01_F00081,11,1,81,0,0.8015641,0.95395911,1.0,1.0,0.8777616,1,0.88355645,1
S11_AC01_F00101,11,1,101,0,0.72408199,0.55184942,1.0,1.0,0.63796571,1,0.64536344,1
S11_AC01_F00121,11,1,121,0,0.59076881,0.54259294,1.0,1.0,0.56668088,1,0.56726099,1
S11_AC01_F00141,11,1,141,0,0.39895308,0.73565501,0.0,1.0,0.56730404,1,0.57861767,1
S11_AC05_F00001,11,5,1,1,0.85100454,0.6240114,1.0,1.0,0.73750797,1,0.75033441,1
S11_AC05_F00021,11,5,21,1,0.83250868,0.71387815,1.0,1.0,0.77319342,1,0.7767076,1
S11_AC05_F00041,11,5,41,1,0.75945866,0.73866266,1.0,1.0,0.74906066,1,0.74916877,1
S11_AC05_F00061,11,5,61,1,0.91864592,0.90009314,1.0,1.0,0.90936953,1,0.90945558,1
S11_AC05_F00081,11,5,81,1,0.69187051,0.71185082,1.0,1.0,0.70186066,1,0.70196046,1
S11_AC05_F00101,11,5,101,1,0.79602492,0.70594227,1.0,1.0,0.7509836,1,0.75301095,1
S11_AC05_F00121,11,5,121,1,0.63786256,0.69356495,1.0,1.0,0.66571375,1,0.66648924,1
S11_AC06_F00001,11,6,1,1,0.52586395,0.62320817,1.0,1.0,0.57453606,1,0.57690317,1
S11_AC06_F00021,11,6,21,1,0.70473862,0.6778084,1.0,1.0,0.69127351,1,0.69145481,1
S11_AC06_F00041,11,6,41,1,0.17450505,0.63275063,0.0,1.0,0.40362784,0,0.38161489,0
S11_AC06_F00061,11,6,61,1,0.89665765,0.66245502,1.0,1.0,0.77955634,1,0.79320672,1
S11_AC06_F00081,11,6,81,1,0.43178606,0.60725868,0.0,1.0,0.51952237,1,0.52123497,1
S11_AC06_F00101,11,6,101,1,0.66818905,0.67712957,1.0,1.0,0.67265931,1,0.67267929,1
S11_AC07_F00001,11,7,1,1,0.91575551,0.90432167,1.0,1.0,0.91003859,1,0.91007127,1
S11_AC07_F00021,11,7,21,1,0.9199065,0.95526433,1.0,1.0,0.93758542,1,0.93789793,1
S11_AC07_F00041,11,7,41,1,0.91831386,0.91801542,1.0,1.0,0.91816464,1,0.91816466,1
S11_AC07_F00061,11,7,61,1,0.92953324,0.93664879,1.0,1.0,0.93309102,1,0.93310367,1
S11_AC07_F00081,11,7,81,1,0.92792374,0.90982538,1.0,1.0,0.91887456,1,0.91895645,1
S11_AC08_F00001,11,8,1,1,0.8417632,0.52489579,1.0,1.0,0.6833295,1,0.7082228,1
S11_AC08_F00021,11,8,21,1,0.35300395,0.43670824,0.0,0.0,0.3948561,0,0.39310551,0
S11_AC08_F00041,11,8,41,1,0.88549376,0.71455699,1.0,1.0,0.80002538,1,0.80731248,1
S11_AC08_F00061,11,8,61,1,0.39238325,0.62101871,0.0,1.0,0.50670098,1,0.50746701,1
S11_AC08_F00081,11,8,81,1,0.30856818,0.60220951,0.0,1.0,0.45538884,0,0.44884335,0
S11_AC09_F00001,11,9,1,1,0.90644819,0.91449761,1.0,1.0,0.9104729,1,0.9104891,1
S11_AC09_F00021,11,9,21,1,0.84874195,0.78739935,1.0,1.0,0.81807065,1,0.81901108,1
S11_AC09_F00041,11,9,41,1,0.88380277,0.70624793,1.0,1.0,0.79502535,1,0.80288614,1
S11_AC09_F00061,11,9,61,1,0.73032588,0.71129447,1.0,1.0,0.72081018,1,0.72090072,1
S11_AC09_F00081,11,9,81,1,0.7590239,0.81098694,1.0,1.0,0.78500542,1,0.78568031,1
S11_AC09_F00101,11,9,101,1,0.81922096,0.91518384,1.0,1.0,0.8672024,1,0.86950285,1
S17_AC01_F00001,17,1,1,0,0.4170953,0.83236277,0.0,1.0,0.62472904,1,0.65049352,1
S17_AC01_F00021,17,1,21,0,0.34251618,0.47657144,0.0,0.0,0.40954381,0,0.40505782,0
S17_AC01_F00041,17,1,41,0,0.32829791,0.41165444,0.0,0.0,0.36997618,0,0.3682401,0
S17_AC01_F00061,17,1,61,0,0.25074896,0.49370554,0.0,0.0,0.37222725,0,0.35754244,0
S17_AC01_F00081,17,1,81,0,0.3698808,0.39991963,0.0,0.0,0.38490022,0,0.38467465,0
S17_AC01_F00101,17,1,101,0,0.27385965,0.52983528,0.0,1.0,0.40184746,0,0.38932532,0
S17_AC01_F00121,17,1,121,0,0.24454786,0.43879518,0.0,0.0,0.34167152,0,0.33226806,0
S17_AC01_F00141,17,1,141,0,0.51760375,0.57786661,1.0,1.0,0.54773518,1,0.54864281,1
S17_AC01_F00161,17,1,161,0,0.41374433,0.59790313,0.0,1.0,0.50582373,1,0.50635997,1
S17_AC05_F00001,17,5,1,1,0.74034083,0.65391964,1.0,1.0,0.69713024,1,0.69899623,1
S17_AC05_F00021,17,5,21,1,0.58735973,0.85295582,1.0,1.0,0.72015778,1,0.73769015,1
S17_AC05_F00041,17,5,41,1,0.87307876,0.65592396,1.0,1.0,0.76450136,1,0.7762443,1
S17_AC05_F00061,17,5,61,1,0.840442,0.64698189,1.0,1.0,0.74371194,1,0.75303957,1
S17_AC05_F00081,17,5,81,1,0.79799956,0.6503287,1.0,1.0,0.72416413,1,0.72960592,1
S17_AC05_F00101,17,5,101,1,0.73517519,0.69736505,1.0,1.0,0.71627012,1,0.71662748,1
S17_AC05_F00121,17,5,121,1,0.83137113,0.67281026,1.0,1.0,0.75209069,1,0.75836295,1
S17_AC06_F00001,17,6,1,1,0.29577661,0.44865668,0.0,0.0,0.37221664,0,0.36638492,0
S17_AC06_F00021,17,6,21,1,0.62184048,0.71086478,1.0,1.0,0.66635263,1,0.66833265,1
S17_AC06_F00041,17,6,41,1,0.59733516,0.61179531,1.0,1.0,0.60456523,1,0.60461751,1
S17_AC06_F00061,17,6,61,1,0.78370696,0.77206987,1.0,1.0,0.77788842,1,0.77792227,1
S17_AC06_F00081,17,6,81,1,0.53725553,0.56688219,1.0,1.0,0.55206886,1,0.55228828,1
S17_AC06_F00101,17,6,101,1,0.70372385,0.62171799,1.0,1.0,0.66272092,1,0.66440122,1
S17_AC06_F00121,17,6,121,1,0.70581639,0.57134527,1.0,1.0,0.63858083,1,0.64309465,1
S17_AC06_F00141,17,6,141,1,0.62617564,0.58789462,1.0,1.0,0.60703513,1,0.60740144,1
S17_AC06_F00161,17,6,161,1,0.65258324,0.65903527,1.0,1.0,0.65580926,1,0.65581966,1
S17_AC07_F00001,17,7,1,1,0.76717055,0.72362173,1.0,1.0,0.74539614,1,0.74587019,1
S17_AC07_F00021,17,7,21,1,0.89068276,0.91146141,1.0,1.0,0.90107208,1,0.90118002,1
S17_AC07_F00041,17,7,41,1,0.91397011,0.90418839,1.0,1.0,0.90907925,1,0.90910317,1
S17_AC07_F00061,17,7,61,1,0.93098813,0.92090082,1.0,1.0,0.92594448,1,0.92596991,1
S17_AC07_F00081,17,7,81,1,0.88234794,0.89228302,1.0,1.0,0.88731548,1,0.88734016,1
S17_AC07_F00101,17,7,101,1,0.97193807,0.89959186,1.0,1.0,0.93576496,1,0.93707289,1
S17_AC07_F00121,17,7,121,1,0.8620404,0.90890944,1.0,1.0,0.88547492,1,0.886024,1
S17_AC07_F00141,17,7,141,1,0.90879041,0.86834604,1.0,1.0,0.88856822,1,0.88897711,1
S17_AC07_F00161,17,7,161,1,0.81627733,0.85362422,1.0,1.0,0.83495078,1,0.83529943,1
S17_AC07_F00181,17,7,181,1,0.9149943,0.92516202,1.0,1.0,0.92007816,1,0.92010401,1
S17_AC08_F00001,17,8,1,1,0.87058526,0.71917903,1.0,1.0,0.79488215,1,0.80060218,1
S17_AC08_F00021,17,8,21,1,0.86780757,0.9303546,1.0,1.0,0.89908108,1,0.9000588,1
S17_AC08_F00041,17,8,41,1,0.84196156,0.82234442,1.0,1.0,0.83215299,1,0.83224919,1
S17_AC08_F00061,17,8,61,1,0.71911752,0.75911653,1.0,1.0,0.73911702,1,0.73951695,1
S17_AC08_F00081,17,8,81,1,0.46476361,0.8069852,0.0,1.0,0.6358744,1,0.65898195,1
S17_AC08_F00101,17,8,101,1,0.7938301,0.69751006,1.0,1.0,0.74567008,1,0.74798768,1
S17_AC08_F00121,17,8,121,1,0.78814095,0.5845713,1.0,1.0,0.68635612,1,0.69668065,1
S17_AC08_F00141,17,8,141,1,0.71112072,0.85860527,1.0,1.0,0.784863,1,0.79029108,1
S17_AC09_F00001,17,9,1,1,0.92338783,0.82558709,1.0,1.0,0.87448746,1,0.8768768,1
S17_AC09_F00021,17,9,21,1,0.90756023,0.94376415,1.0,1.0,0.92566219,1,0.92598984,1
S17_AC09_F00041,17,9,41,1,0.91114026,0.87658083,1.0,1.0,0.89386054,1,0.8941591,1
S17_AC09_F00061,17,9,61,1,0.76756972,0.9315111,1.0,1.0,0.84954041,1,0.8562446,1
S17_AC09_F00081,17,9,81,1,0.89241087,0.77800369,1.0,1.0,0.83520728,1,0.83847597,1
S17_AC09_F00101,17,9,101,1,0.93749809,0.94599926,1.0,1.0,0.94174867,1,0.94176674,1
S17_AC09_F00121,17,9,121,1,0.85480452,0.93633538,1.0,1.0,0.89556995,1,0.89723085,1
S17_AC09_F00141,17,9,141,1,0.80006003,0.92898351,1.0,1.0,0.86452177,1,0.86867134,1
S17_AC09_F00161,17,9,161,1,0.82788742,0.83713931,1.0,1.0,0.83251336,1,0.83253476,1
S21_AC01_F00001,21,1,1,0,0.14363042,0.37890497,0.0,0.0,0.2612677,0,0.24749265,0
S21_AC01_F00021,21,1,21,0,0.14540839,0.32836205,0.0,0.0,0.23688522,0,0.22854047,0
S21_AC01_F00041,21,1,41,0,0.18288699,0.37824494,0.0,0.0,0.28056596,0,0.27105501,0
S21_AC01_F00061,21,1,61,0,0.15532428,0.29738456,0.0,0.0,0.22635442,0,0.22131761,0
S21_AC01_F00081,21,1,81,0,0.09876979,0.39912271,0.0,0.0,0.24894625,0,0.22656131,0
S21_AC01_F00101,21,1,101,0,0.11816514,0.29464817,0.0,0.0,0.20640666,0,0.19864024,0
S21_AC01_F00121,21,1,121,0,0.09425789,0.26938626,0.0,0.0,0.18182208,0,0.17417413,0
S21_AC05_F00001,21,5,1,1,0.69868016,0.62384129,1.0,1.0,0.66126072,1,0.66266029,1
S21_AC05_F00021,21,5,21,1,0.79642141,0.82921243,1.0,1.0,0.81281692,1,0.81308571,1
S21_AC05_F00041,21,5,41,1,0.83712977,0.80606043,1.0,1.0,0.8215951,1,0.82183641,1
S21_AC05_F00061,21,5,61,1,0.84526449,0.65258425,1.0,1.0,0.74892437,1,0.75817718,1
S21_AC05_F00081,21,5,81,1,0.75890809,0.81122738,1.0,1.0,0.78506774,1,0.78575191,1
S21_AC05_F00101,21,5,101,1,0.73138815,0.67281204,1.0,1.0,0.7021001,1,0.70295764,1
S21_AC05_F00121,21,5,121,1,0.57825261,0.86734706,1.0,1.0,0.72279984,1,0.74354942,1
S21_AC06_F00001,21,6,1,1,0.76468253,0.69329166,1.0,1.0,0.72898709,1,0.73026072,1
S21_AC06_F00021,21,6,21,1,0.76849115,0.6906774,1.0,1.0,0.72958428,1,0.73109726,1
S21_AC06_F00041,21,6,41,1,0.89491278,0.74850297,1.0,1.0,0.82170788,1,0.82705728,1
S21_AC06_F00061,21,6,61,1,0.80278492,0.59577912,1.0,1.0,0.69928202,1,0.70995678,1
S21_AC06_F00081,21,6,81,1,0.79756665,0.75664908,1.0,1.0,0.77710786,1,0.77752637,1
S21_AC06_F00101,21,6,101,1,0.8118096,0.80070359,1.0,1.0,0.8062566,1,0.80628743,1
S21_AC06_F00121,21,6,121,1,0.77039486,0.83488309,1.0,1.0,0.80263898,1,0.8036783,1
S21_AC07_F00001,21,7,1,1,0.8609274,0.63871229,1.0,1.0,0.74981984,1,0.76211418,1
S21_AC07_F00021,21,7,21,1,0.99108106,0.71994734,1.0,1.0,0.8555142,1,0.87378081,1
S21_AC07_F00041,21,7,41,1,0.92802322,0.8030802,1.0,1.0,0.86555171,1,0.86944933,1
S21_AC07_F00061,21,7,61,1,0.92456543,0.77094495,1.0,1.0,0.84775519,1,0.85364343,1
S21_AC07_F00081,21,7,81,1,0.94702733,0.77532935,1.0,1.0,0.86117834,1,0.86853034,1
S21_AC07_F00101,21,7,101,1,0.76232302,0.821078,1.0,1.0,0.79170051,1,0.7925633,1
S21_AC07_F00121,21,7,121,1,0.94534504,0.7900604,1.0,1.0,0.86770272,1,0.87371897,1
S21_AC07_F00141,21,7,141,1,0.94813049,0.77082711,1.0,1.0,0.8594788,1,0.8673174,1
S21_AC07_F00161,21,7,161,1,0.95477498,0.62952065,1.0,1.0,0.79214782,1,0.81836469,1
S21_AC08_F00001,21,8,1,1,0.92978609,0.63990575,1.0,1.0,0.78484592,1,0.80570769,1
S21_AC08_F00021,21,8,21,1,0.90047741,0.58357197,1.0,1.0,0.74202469,1,0.76692392,1
S21_AC08_F00041,21,8,41,1,0.83011776,0.78042322,1.0,1.0,0.80527049,1,0.80588775,1
S21_AC08_F00061,21,8,61,1,0.38036272,0.4165062,0.0,0.0,0.39843446,0,0.39810791,0
S21_AC08_F00081,21,8,81,1,0.64651322,0.60299605,1.0,1.0,0.62475463,1,0.625228,1
S21_AC08_F00101,21,8,101,1,0.75322819,0.58159202,1.0,1.0,0.6674101,1,0.67475682,1
S21_AC08_F00121,21,8,121,1,0.77482593,0.5642817,1.0,1.0,0.66955382,1,0.68059528,1
S21_AC08_F00141,21,8,141,1,0.40815079,0.48191503,0.0,0.0,0.44503291,0,0.44367324,0
S21_AC08_F00161,21,8,161,1,0.88391733,0.67557156,1.0,1.0,0.77974444,1,0.79055735,1
S21_AC08_F00181,21,8,181,1,0.8890084,0.65295917,1.0,1.0,0.77098379,1,0.78484927,1
S21_AC09_F00001,21,9,1,1,0.90218633,0.46771735,1.0,0.0,0.68495184,1,0.72467782,1
S21_AC09_F00021,21,9,21,1,0.93922383,0.28644693,1.0,0.0,0.61283538,1,0.64950804,1
S21_AC09_F00041,21,9,41,1,0.9101755,0.67850506,1.0,1.0,0.79434028,1,0.80769839,1
S21_AC09_F00061,21,9,61,1,0.80351192,0.73100811,1.0,1.0,0.76726002,1,0.76857364,1
S21_AC09_F00081,21,9,81,1,0.78685683,0.70988023,1.0,1.0,0.74836853,1,0.74984915,1
S21_AC09_F00101,21,9,101,1,0.89902383,0.86576074,1.0,1.0,0.88239228,1,0.88266887,1
S21_AC09_F00121,21,9,121,1,0.86553288,0.78858578,1.0,1.0,0.82705933,1,0.82853881,1
S42_AC01_F00001,42,1,1,0,0.40399602,0.36279336,0.0,0.0,0.38339469,0,0.38297034,0
S42_AC01_F00021,42,1,21,0,0.43829992,0.39717761,0.0,0.0,0.41773876,0,0.41731606,0
S42_AC01_F00041,42,1,41,0,0.2287553,0.33295903,0.0,0.0,0.28085717,0,0.27814501,0
S42_AC01_F00061,42,1,61,0,0.19589026,0.29145288,0.0,0.0,0.24367157,0,0.24139025,0
S42_AC01_F00081,42,1,81,0,0.27248982,0.3037864,0.0,0.0,0.28813811,0,0.28789326,0
S42_AC01_F00101,42,1,101,0,0.21325837,0.31180045,0.0,0.0,0.26252941,0,0.26010374,0
S42_AC05_F00001,42,5,1,1,0.45287564,0.67429036,0.0,1.0,0.563583,1,0.57061264,1
S42_AC05_F00021,42,5,21,1,0.85986269,0.67177236,1.0,1.0,0.76581752,1,0.77463603,1
S42_AC05_F00041,42,5,41,1,0.84145367,0.71147895,1.0,1.0,0.77646631,1,0.78068373,1
S42_AC05_F00061,42,5,61,1,0.73284823,0.65850973,1.0,1.0,0.69567898,1,0.6970599,1
S42_AC05_F00081,42,5,81,1,0.71642226,0.58232617,1.0,1.0,0.64937421,1,0.65386293,1
S42_AC06_F00001,42,6,1,1,0.69247365,0.49399456,1.0,0.0,0.59323411,1,0.6024599,1
S42_AC06_F00021,42,6,21,1,0.72572547,0.57054615,1.0,1.0,0.64813581,1,0.65414391,1
S42_AC06_F00041,42,6,41,1,0.18373819,0.37565404,0.0,0.0,0.27969612,0,0.27051635,0
S42_AC06_F00061,42,6,61,1,0.39917114,0.4637742,0.0,0.0,0.43147267,0,0.43042964,0
S42_AC06_F00081,42,6,81,1,0.42899862,0.67731875,0.0,1.0,0.55315868,1,0.55975266,1
S42_AC07_F00001,42,7,1,1,0.63512826,0.81943601,1.0,1.0,0.72728214,1,0.73575051,1
S42_AC07_F00021,42,7,21,1,0.61593556,0.82645398,1.0,1.0,0.72119477,1,0.73223353,1
S42_AC07_F00041,42,7,41,1,0.72395414,0.71056432,1.0,1.0,0.71725923,1,0.71730405,1
S42_AC07_F00061,42,7,61,1,0.71926832,0.66224808,1.0,1.0,0.6907582,1,0.69157081,1
S42_AC07_F00081,42,7,81,1,0.56970721,0.71177846,1.0,1.0,0.64074283,1,0.64578042,1
S42_AC07_F00101,42,7,101,1,0.31695053,0.70514816,0.0,1.0,0.51104934,1,0.51319392,1
S42_AC07_F00121,42,7,121,1,0.79828,0.70623308,1.0,1.0,0.75225654,1,0.7543732,1
S42_AC08_F00001,42,8,1,1,0.6832611,0.63146234,1.0,1.0,0.65736172,1,0.65803235,1
S42_AC08_F00021,42,8,21,1,0.58262855,0.70415562,1.0,1.0,0.64339208,1,0.64707975,1
S42_AC08_F00041,42,8,41,1,0.66953236,0.57080525,1.0,1.0,0.62016881,1,0.62260359,1
S42_AC08_F00061,42,8,61,1,0.49170884,0.55721879,0.0,1.0,0.52446381,1,0.52526497,1
S42_AC08_F00081,42,8,81,1,0.43949005,0.6089099,0.0,1.0,0.52419998,1,0.52624955,1
S42_AC08_F00101,42,8,101,1,0.26219702,0.56213087,0.0,1.0,0.41216394,0,0.39902521,0
S42_AC08_F00121,42,8,121,1,0.37414792,0.44214529,0.0,0.0,0.4081466,0,0.40699114,0
S42_AC09_F00001,42,9,1,1,0.68076873,0.49957618,1.0,0.0,0.59017246,1,0.59831967,1
S42_AC09_F00021,42,9,21,1,0.8279807,0.44368616,1.0,0.0,0.63583343,1,0.66177411,1
S42_AC09_F00041,42,9,41,1,0.8526957,0.58220321,1.0,1.0,0.71744945,1,0.73563028,1
S42_AC09_F00061,42,9,61,1,0.93887842,0.56323636,1.0,1.0,0.75105739,1,0.78592508,1
S42_AC09_F00081,42,9,81,1,0.72621548,0.62069911,1.0,1.0,0.6734573,1,0.67623814,1
S42_AC09_F00101,42,9,101,1,0.42117333,0.55771095,0.0,1.0,0.48944214,0,0.48872139,0
S42_AC09_F00121,42,9,121,1,0.48206335,0.40171295,0.0,0.0,0.44188815,0,0.44027497,0
S42_AC09_F00141,42,9,141,1,0.77355552,0.68860763,1.0,1.0,0.73108158,1,0.73288453,1
