sample_id,subject_id,activity_id,frame,true_label,view,prob_phone,pred_label
S04_AC01_F00001,4,1,1,0,front,0.7412762,1
S04_AC01_F00001,4,1,1,0,side_locked_exp21A,0.64369059,1
S04_AC01_F00021,4,1,21,0,front,0.31167597,0
S04_AC01_F00021,4,1,21,0,side_locked_exp21A,0.51115662,1
S04_AC01_F00041,4,1,41,0,front,0.35620028,0
S04_AC01_F00041,4,1,41,0,side_locked_exp21A,0.5518055,1
S04_AC01_F00061,4,1,61,0,front,0.25476429,0
S04_AC01_F00061,4,1,61,0,side_locked_exp21A,0.53609228,1
S04_AC01_F00081,4,1,81,0,front,0.36197287,0
S04_AC01_F00081,4,1,81,0,side_locked_exp21A,0.65958351,1
S04_AC01_F00101,4,1,101,0,front,0.24628371,0
S04_AC01_F00101,4,1,101,0,side_locked_exp21A,0.51214123,1
S04_AC01_F00121,4,1,121,0,front,0.39472234,0
S04_AC01_F00121,4,1,121,0,side_locked_exp21A,0.44678941,0
S04_AC01_F00141,4,1,141,0,front,0.54240775,1
S04_AC01_F00141,4,1,141,0,side_locked_exp21A,0.86401093,1
S04_AC01_F00161,4,1,161,0,front,0.30762324,0
S04_AC01_F00161,4,1,161,0,side_locked_exp21A,0.57452637,1
S04_AC05_F00001,4,5,1,1,front,0.64855182,1
S04_AC05_F00001,4,5,1,1,side_locked_exp21A,0.71484029,1
S04_AC05_F00021,4,5,21,1,front,0.53135836,1
S04_AC05_F00021,4,5,21,1,side_locked_exp21A,0.77304113,1
S04_AC05_F00041,4,5,41,1,front,0.60207981,1
S04_AC05_F00041,4,5,41,1,side_locked_exp21A,0.75704378,1
S04_AC05_F00061,4,5,61,1,front,0.57251316,1
S04_AC05_F00061,4,5,61,1,side_locked_exp21A,0.67712498,1
S04_AC05_F00081,4,5,81,1,front,0.62188369,1
S04_AC05_F00081,4,5,81,1,side_locked_exp21A,0.6795786,1
S04_AC05_F00101,4,5,101,1,front,0.68942475,1
S04_AC05_F00101,4,5,101,1,side_locked_exp21A,0.78152508,1
S04_AC06_F00001,4,6,1,1,front,0.36990839,0
S04_AC06_F00001,4,6,1,1,side_locked_exp21A,0.77075094,1
S04_AC06_F00021,4,6,21,1,front,0.80835664,1
S04_AC06_F00021,4,6,21,1,side_locked_exp21A,0.93075085,1
S04_AC06_F00041,4,6,41,1,front,0.67534405,1
S04_AC06_F00041,4,6,41,1,side_locked_exp21A,0.71141064,1
S04_AC06_F00061,4,6,61,1,front,0.61933011,1
S04_AC06_F00061,4,6,61,1,side_locked_exp21A,0.88016742,1
S04_AC07_F00001,4,7,1,1,front,0.24312741,0
S04_AC07_F00001,4,7,1,1,side_locked_exp21A,0.66049987,1
S04_AC07_F00021,4,7,21,1,front,0.72384357,1
S04_AC07_F00021,4,7,21,1,side_locked_exp21A,0.77292675,1
S04_AC07_F00041,4,7,41,1,front,0.88443869,1
S04_AC07_F00041,4,7,41,1,side_locked_exp21A,0.82529372,1
S04_AC07_F00061,4,7,61,1,front,0.91834432,1
S04_AC07_F00061,4,7,61,1,side_locked_exp21A,0.93223339,1
S04_AC07_F00081,4,7,81,1,front,0.85112965,1
S04_AC07_F00081,4,7,81,1,side_locked_exp21A,0.81064397,1
S04_AC07_F00101,4,7,101,1,front,0.89444375,1
S04_AC07_F00101,4,7,101,1,side_locked_exp21A,0.87381715,1
S04_AC07_F00121,4,7,121,1,front,0.69435167,1
S04_AC07_F00121,4,7,121,1,side_locked_exp21A,0.87533551,1
S04_AC07_F00141,4,7,141,1,front,0.77033955,1
S04_AC07_F00141,4,7,141,1,side_locked_exp21A,0.76174879,1
S04_AC08_F00001,4,8,1,1,front,0.56286275,1
S04_AC08_F00001,4,8,1,1,side_locked_exp21A,0.66175753,1
S04_AC08_F00021,4,8,21,1,front,0.80284172,1
S04_AC08_F00021,4,8,21,1,side_locked_exp21A,0.92361891,1
S04_AC08_F00041,4,8,41,1,front,0.77626193,1
S04_AC08_F00041,4,8,41,1,side_locked_exp21A,0.81423277,1
S04_AC08_F00061,4,8,61,1,front,0.40422583,0
S04_AC08_F00061,4,8,61,1,side_locked_exp21A,0.91509491,1
S04_AC08_F00081,4,8,81,1,front,0.70244241,1
S04_AC08_F00081,4,8,81,1,side_locked_exp21A,0.89181328,1
S04_AC08_F00101,4,8,101,1,front,0.86694211,1
S04_AC08_F00101,4,8,101,1,side_locked_exp21A,0.8237834,1
S04_AC08_F00121,4,8,121,1,front,0.58779114,1
S04_AC08_F00121,4,8,121,1,side_locked_exp21A,0.45969421,0
S04_AC08_F00141,4,8,141,1,front,0.61306864,1
S04_AC08_F00141,4,8,141,1,side_locked_exp21A,0.64295161,1
S04_AC08_F00161,4,8,161,1,front,0.61883181,1
S04_AC08_F00161,4,8,161,1,side_locked_exp21A,0.86909235,1
S04_AC08_F00181,4,8,181,1,front,0.90151036,1
S04_AC08_F00181,4,8,181,1,side_locked_exp21A,0.85370076,1
S04_AC09_F00001,4,9,1,1,front,0.34860006,0
S04_AC09_F00001,4,9,1,1,side_locked_exp21A,0.44712049,0
S04_AC09_F00021,4,9,21,1,front,0.92797148,1
S04_AC09_F00021,4,9,21,1,side_locked_exp21A,0.77629399,1
S04_AC09_F00041,4,9,41,1,front,0.94977152,1
S04_AC09_F00041,4,9,41,1,side_locked_exp21A,0.73832071,1
S04_AC09_F00061,4,9,61,1,front,0.8838374,1
S04_AC09_F00061,4,9,61,1,side_locked_exp21A,0.76675636,1
S04_AC09_F00081,4,9,81,1,front,0.88399714,1
S04_AC09_F00081,4,9,81,1,side_locked_exp21A,0.78242099,1
S04_AC09_F00101,4,9,101,1,front,0.78173518,1
S04_AC09_F00101,4,9,101,1,side_locked_exp21A,0.66450495,1
S04_AC09_F00121,4,9,121,1,front,0.91922253,1
S04_AC09_F00121,4,9,121,1,side_locked_exp21A,0.78941673,1
S04_AC09_F00141,4,9,141,1,front,0.80392027,1
S04_AC09_F00141,4,9,141,1,side_locked_exp21A,0.62681121,1
S04_AC09_F00161,4,9,161,1,front,0.65770894,1
S04_AC09_F00161,4,9,161,1,side_locked_exp21A,0.54351789,1
S04_AC09_F00181,4,9,181,1,front,0.81278437,1
S04_AC09_F00181,4,9,181,1,side_locked_exp21A,0.68959451,1
S08_AC01_F00001,8,1,1,0,front,0.25483409,0
S08_AC01_F00001,8,1,1,0,side_locked_exp21A,0.61115891,1
S08_AC01_F00021,8,1,21,0,front,0.41988719,0
S08_AC01_F00021,8,1,21,0,side_locked_exp21A,0.61828905,1
S08_AC01_F00041,8,1,41,0,front,0.21566954,0
S08_AC01_F00041,8,1,41,0,side_locked_exp21A,0.64452851,1
S08_AC01_F00061,8,1,61,0,front,0.14958724,0
S08_AC01_F00061,8,1,61,0,side_locked_exp21A,0.48710608,0
S08_AC01_F00081,8,1,81,0,front,0.33976784,0
S08_AC01_F00081,8,1,81,0,side_locked_exp21A,0.70453298,1
S08_AC01_F00101,8,1,101,0,front,0.55398446,1
S08_AC01_F00101,8,1,101,0,side_locked_exp21A,0.59373111,1
S08_AC01_F00121,8,1,121,0,front,0.64998794,1
S08_AC01_F00121,8,1,121,0,side_locked_exp21A,0.65223038,1
S08_AC01_F00141,8,1,141,0,front,0.61623591,1
S08_AC01_F00141,8,1,141,0,side_locked_exp21A,0.62008595,1
S08_AC01_F00161,8,1,161,0,front,0.66408634,1
S08_AC01_F00161,8,1,161,0,side_locked_exp21A,0.56366181,1
S08_AC01_F00181,8,1,181,0,front,0.6361919,1
S08_AC01_F00181,8,1,181,0,side_locked_exp21A,0.66560173,1
S08_AC01_F00201,8,1,201,0,front,0.9846037,1
S08_AC01_F00201,8,1,201,0,side_locked_exp21A,0.57998013,1
S08_AC01_F00221,8,1,221,0,front,0.93929827,1
S08_AC01_F00221,8,1,221,0,side_locked_exp21A,0.71885908,1
S08_AC05_F00001,8,5,1,1,front,0.43302038,0
S08_AC05_F00001,8,5,1,1,side_locked_exp21A,0.46069875,0
S08_AC05_F00021,8,5,21,1,front,0.73270988,1
S08_AC05_F00021,8,5,21,1,side_locked_exp21A,0.62947512,1
S08_AC05_F00041,8,5,41,1,front,0.73768365,1
S08_AC05_F00041,8,5,41,1,side_locked_exp21A,0.7886585,1
S08_AC05_F00061,8,5,61,1,front,0.7768724,1
S08_AC05_F00061,8,5,61,1,side_locked_exp21A,0.63280743,1
S08_AC05_F00081,8,5,81,1,front,0.72821105,1
S08_AC05_F00081,8,5,81,1,side_locked_exp21A,0.69092596,1
S08_AC05_F00101,8,5,101,1,front,0.8794235,1
S08_AC05_F00101,8,5,101,1,side_locked_exp21A,0.52182734,1
S08_AC05_F00121,8,5,121,1,front,0.82463908,1
S08_AC05_F00121,8,5,121,1,side_locked_exp21A,0.59393674,1
S08_AC05_F00141,8,5,141,1,front,0.70193028,1
S08_AC05_F00141,8,5,141,1,side_locked_exp21A,0.69479513,1
S08_AC05_F00161,8,5,161,1,front,0.76179338,1
S08_AC05_F00161,8,5,161,1,side_locked_exp21A,0.6444549,1
S08_AC06_F00001,8,6,1,1,front,0.71182132,1
S08_AC06_F00001,8,6,1,1,side_locked_exp21A,0.82235581,1
S08_AC06_F00021,8,6,21,1,front,0.86724031,1
S08_AC06_F00021,8,6,21,1,side_locked_exp21A,0.73670805,1
S08_AC06_F00041,8,6,41,1,front,0.88086385,1
S08_AC06_F00041,8,6,41,1,side_locked_exp21A,0.81175011,1
S08_AC06_F00061,8,6,61,1,front,0.83586758,1
S08_AC06_F00061,8,6,61,1,side_locked_exp21A,0.71998954,1
S08_AC06_F00081,8,6,81,1,front,0.81432962,1
S08_AC06_F00081,8,6,81,1,side_locked_exp21A,0.75258964,1
S08_AC06_F00101,8,6,101,1,front,0.68249768,1
S08_AC06_F00101,8,6,101,1,side_locked_exp21A,0.77928382,1
S08_AC06_F00121,8,6,121,1,front,0.89111942,1
S08_AC06_F00121,8,6,121,1,side_locked_exp21A,0.7527703,1
S08_AC06_F00141,8,6,141,1,front,0.57405061,1
S08_AC06_F00141,8,6,141,1,side_locked_exp21A,0.73207122,1
S08_AC07_F00001,8,7,1,1,front,0.61813188,1
S08_AC07_F00001,8,7,1,1,side_locked_exp21A,0.58610946,1
S08_AC07_F00021,8,7,21,1,front,0.90194422,1
S08_AC07_F00021,8,7,21,1,side_locked_exp21A,0.80304199,1
S08_AC07_F00041,8,7,41,1,front,0.93932426,1
S08_AC07_F00041,8,7,41,1,side_locked_exp21A,0.73024565,1
S08_AC07_F00061,8,7,61,1,front,0.94767666,1
S08_AC07_F00061,8,7,61,1,side_locked_exp21A,0.71895975,1
S08_AC07_F00081,8,7,81,1,front,0.87134582,1
S08_AC07_F00081,8,7,81,1,side_locked_exp21A,0.74141991,1
S08_AC07_F00101,8,7,101,1,front,0.82250988,1
S08_AC07_F00101,8,7,101,1,side_locked_exp21A,0.69793004,1
S08_AC07_F00121,8,7,121,1,front,0.87243009,1
S08_AC07_F00121,8,7,121,1,side_locked_exp21A,0.70597833,1
S08_AC07_F00141,8,7,141,1,front,0.85950053,1
S08_AC07_F00141,8,7,141,1,side_locked_exp21A,0.69334483,1
S08_AC08_F00001,8,8,1,1,front,0.41338804,0
S08_AC08_F00001,8,8,1,1,side_locked_exp21A,0.5365234,1
S08_AC08_F00021,8,8,21,1,front,0.53291917,1
S08_AC08_F00021,8,8,21,1,side_locked_exp21A,0.79424745,1
S08_AC08_F00041,8,8,41,1,front,0.56865764,1
S08_AC08_F00041,8,8,41,1,side_locked_exp21A,0.70535606,1
S08_AC08_F00061,8,8,61,1,front,0.50334024,1
S08_AC08_F00061,8,8,61,1,side_locked_exp21A,0.62139201,1
S08_AC08_F00081,8,8,81,1,front,0.65614218,1
S08_AC08_F00081,8,8,81,1,side_locked_exp21A,0.69065744,1
S08_AC08_F00101,8,8,101,1,front,0.61238092,1
S08_AC08_F00101,8,8,101,1,side_locked_exp21A,0.7844401,1
S08_AC08_F00121,8,8,121,1,front,0.52455777,1
S08_AC08_F00121,8,8,121,1,side_locked_exp21A,0.70898163,1
S08_AC08_F00141,8,8,141,1,front,0.53580821,1
S08_AC08_F00141,8,8,141,1,side_locked_exp21A,0.67829132,1
S08_AC08_F00161,8,8,161,1,front,0.41983914,0
S08_AC08_F00161,8,8,161,1,side_locked_exp21A,0.67643869,1
S08_AC08_F00181,8,8,181,1,front,0.46465433,0
S08_AC08_F00181,8,8,181,1,side_locked_exp21A,0.50846285,1
S08_AC08_F00201,8,8,201,1,front,0.64466512,1
S08_AC08_F00201,8,8,201,1,side_locked_exp21A,0.57687187,1
S08_AC09_F00001,8,9,1,1,front,0.65045387,1
S08_AC09_F00001,8,9,1,1,side_locked_exp21A,0.72505325,1
S08_AC09_F00021,8,9,21,1,front,0.73903108,1
S08_AC09_F00021,8,9,21,1,side_locked_exp21A,0.7993173,1
S08_AC09_F00041,8,9,41,1,front,0.78003877,1
S08_AC09_F00041,8,9,41,1,side_locked_exp21A,0.72926003,1
S08_AC09_F00061,8,9,61,1,front,0.77684617,1
S08_AC09_F00061,8,9,61,1,side_locked_exp21A,0.8221457,1
S08_AC09_F00081,8,9,81,1,front,0.73396337,1
S08_AC09_F00081,8,9,81,1,side_locked_exp21A,0.90852356,1
S08_AC09_F00101,8,9,101,1,front,0.87364954,1
S08_AC09_F00101,8,9,101,1,side_locked_exp21A,0.79968244,1
S08_AC09_F00121,8,9,121,1,front,0.76616871,1
S08_AC09_F00121,8,9,121,1,side_locked_exp21A,0.82858831,1
S08_AC09_F00141,8,9,141,1,front,0.65358305,1
S08_AC09_F00141,8,9,141,1,side_locked_exp21A,0.61817032,1
S10_AC01_F00001,10,1,1,0,front,0.30059436,0
S10_AC01_F00001,10,1,1,0,side_locked_exp21A,0.65112311,1
S10_AC01_F00021,10,1,21,0,front,0.35298851,0
S10_AC01_F00021,10,1,21,0,side_locked_exp21A,0.58355337,1
S10_AC01_F00041,10,1,41,0,front,0.91566455,1
S10_AC01_F00041,10,1,41,0,side_locked_exp21A,0.77713239,1
S10_AC01_F00061,10,1,61,0,front,0.73183125,1
S10_AC01_F00061,10,1,61,0,side_locked_exp21A,0.83086318,1
S10_AC01_F00081,10,1,81,0,front,0.27544367,0
S10_AC01_F00081,10,1,81,0,side_locked_exp21A,0.75792938,1
S10_AC01_F00101,10,1,101,0,front,0.33602518,0
S10_AC01_F00101,10,1,101,0,side_locked_exp21A,0.85598809,1
S10_AC01_F00121,10,1,121,0,front,0.51909173,1
S10_AC01_F00121,10,1,121,0,side_locked_exp21A,0.83406466,1
S10_AC01_F00141,10,1,141,0,front,0.46261621,0
S10_AC01_F00141,10,1,141,0,side_locked_exp21A,0.90416962,1
S10_AC05_F00001,10,5,1,1,front,0.86986047,1
S10_AC05_F00001,10,5,1,1,side_locked_exp21A,0.79619938,1
S10_AC05_F00021,10,5,21,1,front,0.89423954,1
S10_AC05_F00021,10,5,21,1,side_locked_exp21A,0.9222858,1
S10_AC05_F00041,10,5,41,1,front,0.88287419,1
S10_AC05_F00041,10,5,41,1,side_locked_exp21A,0.8666777,1
S10_AC05_F00061,10,5,61,1,front,0.86010116,1
S10_AC05_F00061,10,5,61,1,side_locked_exp21A,0.91501272,1
S10_AC05_F00081,10,5,81,1,front,0.96536982,1
S10_AC05_F00081,10,5,81,1,side_locked_exp21A,0.94060403,1
S10_AC05_F00101,10,5,101,1,front,0.91254956,1
S10_AC05_F00101,10,5,101,1,side_locked_exp21A,0.91385198,1
S10_AC05_F00121,10,5,121,1,front,0.77681333,1
S10_AC05_F00121,10,5,121,1,side_locked_exp21A,0.87917739,1
S10_AC06_F00001,10,6,1,1,front,0.59607506,1
S10_AC06_F00001,10,6,1,1,side_locked_exp21A,0.93874198,1
S10_AC06_F00021,10,6,21,1,front,0.94467431,1
S10_AC06_F00021,10,6,21,1,side_locked_exp21A,0.90854925,1
S10_AC06_F00041,10,6,41,1,front,0.74868327,1
S10_AC06_F00041,10,6,41,1,side_locked_exp21A,0.96152925,1
S10_AC06_F00061,10,6,61,1,front,0.39270094,0
S10_AC06_F00061,10,6,61,1,side_locked_exp21A,0.84194309,1
S10_AC06_F00081,10,6,81,1,front,0.47665623,0
S10_AC06_F00081,10,6,81,1,side_locked_exp21A,0.81057304,1
S10_AC06_F00101,10,6,101,1,front,0.63286024,1
S10_AC06_F00101,10,6,101,1,side_locked_exp21A,0.78447652,1
S10_AC06_F00121,10,6,121,1,front,0.76341593,1
S10_AC06_F00121,10,6,121,1,side_locked_exp21A,0.86210221,1
S10_AC06_F00141,10,6,141,1,front,0.53959996,1
S10_AC06_F00141,10,6,141,1,side_locked_exp21A,0.86241156,1
S10_AC07_F00001,10,7,1,1,front,0.97690058,1
S10_AC07_F00001,10,7,1,1,side_locked_exp21A,0.95782191,1
S10_AC07_F00021,10,7,21,1,front,0.77192926,1
S10_AC07_F00021,10,7,21,1,side_locked_exp21A,0.82785064,1
S10_AC07_F00041,10,7,41,1,front,0.83488882,1
S10_AC07_F00041,10,7,41,1,side_locked_exp21A,0.86930436,1
S10_AC07_F00061,10,7,61,1,front,0.83518517,1
S10_AC07_F00061,10,7,61,1,side_locked_exp21A,0.95891702,1
S10_AC07_F00081,10,7,81,1,front,0.87433678,1
S10_AC07_F00081,10,7,81,1,side_locked_exp21A,0.84847426,1
S10_AC07_F00101,10,7,101,1,front,0.84250665,1
S10_AC07_F00101,10,7,101,1,side_locked_exp21A,0.9495728,1
S10_AC08_F00001,10,8,1,1,front,0.97431743,1
S10_AC08_F00001,10,8,1,1,side_locked_exp21A,0.92936587,1
S10_AC08_F00021,10,8,21,1,front,0.88346314,1
S10_AC08_F00021,10,8,21,1,side_locked_exp21A,0.83614928,1
S10_AC08_F00041,10,8,41,1,front,0.68977571,1
S10_AC08_F00041,10,8,41,1,side_locked_exp21A,0.850986,1
S10_AC08_F00061,10,8,61,1,front,0.95024759,1
S10_AC08_F00061,10,8,61,1,side_locked_exp21A,0.96188062,1
S10_AC08_F00081,10,8,81,1,front,0.68238235,1
S10_AC08_F00081,10,8,81,1,side_locked_exp21A,0.88471478,1
S10_AC08_F00101,10,8,101,1,front,0.73687857,1
S10_AC08_F00101,10,8,101,1,side_locked_exp21A,0.90301555,1
S10_AC08_F00121,10,8,121,1,front,0.40372136,0
S10_AC08_F00121,10,8,121,1,side_locked_exp21A,0.84963924,1
S10_AC09_F00001,10,9,1,1,front,0.88243908,1
S10_AC09_F00001,10,9,1,1,side_locked_exp21A,0.81825566,1
S10_AC09_F00021,10,9,21,1,front,0.71306646,1
S10_AC09_F00021,10,9,21,1,side_locked_exp21A,0.83567655,1
S10_AC09_F00041,10,9,41,1,front,0.59552372,1
S10_AC09_F00041,10,9,41,1,side_locked_exp21A,0.80914783,1
S10_AC09_F00061,10,9,61,1,front,0.85661066,1
S10_AC09_F00061,10,9,61,1,side_locked_exp21A,0.85852957,1
S10_AC09_F00081,10,9,81,1,front,0.94048911,1
S10_AC09_F00081,10,9,81,1,side_locked_exp21A,0.96144915,1
S10_AC09_F00101,10,9,101,1,front,0.89492691,1
S10_AC09_F00101,10,9,101,1,side_locked_exp21A,0.96978956,1
S10_AC09_F00121,10,9,121,1,front,0.60155123,1
S10_AC09_F00121,10,9,121,1,side_locked_exp21A,0.76019961,1
S10_AC09_F00141,10,9,141,1,front,0.53979117,1
S10_AC09_F00141,10,9,141,1,side_locked_exp21A,0.89227515,1
S10_AC09_F00161,10,9,161,1,front,0.73402256,1
S10_AC09_F00161,10,9,161,1,side_locked_exp21A,0.93636787,1
S11_AC01_F00001,11,1,1,0,front,0.19760072,0
S11_AC01_F00001,11,1,1,0,side_locked_exp21A,0.63990468,1
S11_AC01_F00021,11,1,21,0,front,0.45313412,0
S11_AC01_F00021,11,1,21,0,side_locked_exp21A,0.69528735,1
S11_AC01_F00041,11,1,41,0,front,0.20782444,0
S11_AC01_F00041,11,1,41,0,side_locked_exp21A,0.53588873,1
S11_AC01_F00061,11,1,61,0,front,0.76858509,1
S11_AC01_F00061,11,1,61,0,side_locked_exp21A,0.93064451,1
S11_AC01_F00081,11,1,81,0,front,0.73204422,1
S11_AC01_F00081,11,1,81,0,side_locked_exp21A,0.95395911,1
S11_AC01_F00101,11,1,101,0,front,0.66890496,1
S11_AC01_F00101,11,1,101,0,side_locked_exp21A,0.55184942,1
S11_AC01_F00121,11,1,121,0,front,0.63286549,1
S11_AC01_F00121,11,1,121,0,side_locked_exp21A,0.54259294,1
S11_AC01_F00141,11,1,141,0,front,0.37341687,0
S11_AC01_F00141,11,1,141,0,side_locked_exp21A,0.73565501,1
S11_AC05_F00001,11,5,1,1,front,0.84763211,1
S11_AC05_F00001,11,5,1,1,side_locked_exp21A,0.6240114,1
S11_AC05_F00021,11,5,21,1,front,0.85128653,1
S11_AC05_F00021,11,5,21,1,side_locked_exp21A,0.71387815,1
S11_AC05_F00041,11,5,41,1,front,0.81628418,1
S11_AC05_F00041,11,5,41,1,side_locked_exp21A,0.73866266,1
S11_AC05_F00061,11,5,61,1,front,0.94665736,1
S11_AC05_F00061,11,5,61,1,side_locked_exp21A,0.90009314,1
S11_AC05_F00081,11,5,81,1,front,0.6925109,1
S11_AC05_F00081,11,5,81,1,side_locked_exp21A,0.71185082,1
S11_AC05_F00101,11,5,101,1,front,0.79832768,1
S11_AC05_F00101,11,5,101,1,side_locked_exp21A,0.70594227,1
S11_AC05_F00121,11,5,121,1,front,0.70114213,1
S11_AC05_F00121,11,5,121,1,side_locked_exp21A,0.69356495,1
S11_AC06_F00001,11,6,1,1,front,0.63828468,1
S11_AC06_F00001,11,6,1,1,side_locked_exp21A,0.62320817,1
S11_AC06_F00021,11,6,21,1,front,0.81412989,1
S11_AC06_F00021,11,6,21,1,side_locked_exp21A,0.6778084,1
S11_AC06_F00041,11,6,41,1,front,0.25461519,0
S11_AC06_F00041,11,6,41,1,side_locked_exp21A,0.63275063,1
S11_AC06_F00061,11,6,61,1,front,0.88817143,1
S11_AC06_F00061,11,6,61,1,side_locked_exp21A,0.66245502,1
S11_AC06_F00081,11,6,81,1,front,0.58159268,1
S11_AC06_F00081,11,6,81,1,side_locked_exp21A,0.60725868,1
S11_AC06_F00101,11,6,101,1,front,0.77833629,1
S11_AC06_F00101,11,6,101,1,side_locked_exp21A,0.67712957,1
S11_AC07_F00001,11,7,1,1,front,0.89462864,1
S11_AC07_F00001,11,7,1,1,side_locked_exp21A,0.90432167,1
S11_AC07_F00021,11,7,21,1,front,0.91120201,1
S11_AC07_F00021,11,7,21,1,side_locked_exp21A,0.95526433,1
S11_AC07_F00041,11,7,41,1,front,0.88987607,1
S11_AC07_F00041,11,7,41,1,side_locked_exp21A,0.91801542,1
S11_AC07_F00061,11,7,61,1,front,0.91913122,1
S11_AC07_F00061,11,7,61,1,side_locked_exp21A,0.93664879,1
S11_AC07_F00081,11,7,81,1,front,0.85937721,1
S11_AC07_F00081,11,7,81,1,side_locked_exp21A,0.90982538,1
S11_AC08_F00001,11,8,1,1,front,0.75882453,1
S11_AC08_F00001,11,8,1,1,side_locked_exp21A,0.52489579,1
S11_AC08_F00021,11,8,21,1,front,0.42053467,0
S11_AC08_F00021,11,8,21,1,side_locked_exp21A,0.43670824,0
S11_AC08_F00041,11,8,41,1,front,0.8807953,1
S11_AC08_F00041,11,8,41,1,side_locked_exp21A,0.71455699,1
S11_AC08_F00061,11,8,61,1,front,0.35619959,0
S11_AC08_F00061,11,8,61,1,side_locked_exp21A,0.62101871,1
S11_AC08_F00081,11,8,81,1,front,0.27239978,0
S11_AC08_F00081,11,8,81,1,side_locked_exp21A,0.60220951,1
S11_AC09_F00001,11,9,1,1,front,0.86906427,1
S11_AC09_F00001,11,9,1,1,side_locked_exp21A,0.91449761,1
S11_AC09_F00021,11,9,21,1,front,0.8599124,1
S11_AC09_F00021,11,9,21,1,side_locked_exp21A,0.78739935,1
S11_AC09_F00041,11,9,41,1,front,0.87766922,1
S11_AC09_F00041,11,9,41,1,side_locked_exp21A,0.70624793,1
S11_AC09_F00061,11,9,61,1,front,0.68646014,1
S11_AC09_F00061,11,9,61,1,side_locked_exp21A,0.71129447,1
S11_AC09_F00081,11,9,81,1,front,0.74215567,1
S11_AC09_F00081,11,9,81,1,side_locked_exp21A,0.81098694,1
S11_AC09_F00101,11,9,101,1,front,0.77161092,1
S11_AC09_F00101,11,9,101,1,side_locked_exp21A,0.91518384,1
S17_AC01_F00001,17,1,1,0,front,0.42608809,0
S17_AC01_F00001,17,1,1,0,side_locked_exp21A,0.83236277,1
S17_AC01_F00021,17,1,21,0,front,0.36497363,0
S17_AC01_F00021,17,1,21,0,side_locked_exp21A,0.47657144,0
S17_AC01_F00041,17,1,41,0,front,0.3422181,0
S17_AC01_F00041,17,1,41,0,side_locked_exp21A,0.41165444,0
S17_AC01_F00061,17,1,61,0,front,0.28239635,0
S17_AC01_F00061,17,1,61,0,side_locked_exp21A,0.49370554,0
S17_AC01_F00081,17,1,81,0,front,0.36499235,0
S17_AC01_F00081,17,1,81,0,side_locked_exp21A,0.39991963,0
S17_AC01_F00101,17,1,101,0,front,0.2843318,0
S17_AC01_F00101,17,1,101,0,side_locked_exp21A,0.52983528,1
S17_AC01_F00121,17,1,121,0,front,0.26092303,0
S17_AC01_F00121,17,1,121,0,side_locked_exp21A,0.43879518,0
S17_AC01_F00141,17,1,141,0,front,0.44614446,0
S17_AC01_F00141,17,1,141,0,side_locked_exp21A,0.57786661,1
S17_AC01_F00161,17,1,161,0,front,0.33410776,0
S17_AC01_F00161,17,1,161,0,side_locked_exp21A,0.59790313,1
S17_AC05_F00001,17,5,1,1,front,0.68598527,1
S17_AC05_F00001,17,5,1,1,side_locked_exp21A,0.65391964,1
S17_AC05_F00021,17,5,21,1,front,0.55716288,1
S17_AC05_F00021,17,5,21,1,side_locked_exp21A,0.85295582,1
S17_AC05_F00041,17,5,41,1,front,0.88243788,1
S17_AC05_F00041,17,5,41,1,side_locked_exp21A,0.65592396,1
S17_AC05_F00061,17,5,61,1,front,0.83080715,1
S17_AC05_F00061,17,5,61,1,side_locked_exp21A,0.64698189,1
S17_AC05_F00081,17,5,81,1,front,0.82200307,1
S17_AC05_F00081,17,5,81,1,side_locked_exp21A,0.6503287,1
S17_AC05_F00101,17,5,101,1,front,0.75545943,1
S17_AC05_F00101,17,5,101,1,side_locked_exp21A,0.69736505,1
S17_AC05_F00121,17,5,121,1,front,0.85149562,1
S17_AC05_F00121,17,5,121,1,side_locked_exp21A,0.67281026,1
S17_AC06_F00001,17,6,1,1,front,0.26170924,0
S17_AC06_F00001,17,6,1,1,side_locked_exp21A,0.44865668,0
S17_AC06_F00021,17,6,21,1,front,0.51191205,1
S17_AC06_F00021,17,6,21,1,side_locked_exp21A,0.71086478,1
S17_AC06_F00041,17,6,41,1,front,0.50782609,1
S17_AC06_F00041,17,6,41,1,side_locked_exp21A,0.61179531,1
S17_AC06_F00061,17,6,61,1,front,0.72657776,1
S17_AC06_F00061,17,6,61,1,side_locked_exp21A,0.77206987,1
S17_AC06_F00081,17,6,81,1,front,0.52684486,1
S17_AC06_F00081,17,6,81,1,side_locked_exp21A,0.56688219,1
S17_AC06_F00101,17,6,101,1,front,0.64362955,1
S17_AC06_F00101,17,6,101,1,side_locked_exp21A,0.62171799,1
S17_AC06_F00121,17,6,121,1,front,0.65665293,1
S17_AC06_F00121,17,6,121,1,side_locked_exp21A,0.57134527,1
S17_AC06_F00141,17,6,141,1,front,0.58824325,1
S17_AC06_F00141,17,6,141,1,side_locked_exp21A,0.58789462,1
S17_AC06_F00161,17,6,161,1,front,0.58072603,1
S17_AC06_F00161,17,6,161,1,side_locked_exp21A,0.65903527,1
S17_AC07_F00001,17,7,1,1,front,0.67367935,1
S17_AC07_F00001,17,7,1,1,side_locked_exp21A,0.72362173,1
S17_AC07_F00021,17,7,21,1,front,0.85726428,1
S17_AC07_F00021,17,7,21,1,side_locked_exp21A,0.91146141,1
S17_AC07_F00041,17,7,41,1,front,0.91173357,1
S17_AC07_F00041,17,7,41,1,side_locked_exp21A,0.90418839,1
S17_AC07_F00061,17,7,61,1,front,0.9120459,1
S17_AC07_F00061,17,7,61,1,side_locked_exp21A,0.92090082,1
S17_AC07_F00081,17,7,81,1,front,0.87050867,1
S17_AC07_F00081,17,7,81,1,side_locked_exp21A,0.89228302,1
S17_AC07_F00101,17,7,101,1,front,0.96754909,1
S17_AC07_F00101,17,7,101,1,side_locked_exp21A,0.89959186,1
S17_AC07_F00121,17,7,121,1,front,0.83583093,1
S17_AC07_F00121,17,7,121,1,side_locked_exp21A,0.90890944,1
S17_AC07_F00141,17,7,141,1,front,0.91790593,1
S17_AC07_F00141,17,7,141,1,side_locked_exp21A,0.86834604,1
S17_AC07_F00161,17,7,161,1,front,0.76740915,1
S17_AC07_F00161,17,7,161,1,side_locked_exp21A,0.85362422,1
S17_AC07_F00181,17,7,181,1,front,0.8904745,1
S17_AC07_F00181,17,7,181,1,side_locked_exp21A,0.92516202,1
S17_AC08_F00001,17,8,1,1,front,0.83625054,1
S17_AC08_F00001,17,8,1,1,side_locked_exp21A,0.71917903,1
S17_AC08_F00021,17,8,21,1,front,0.82775235,1
S17_AC08_F00021,17,8,21,1,side_locked_exp21A,0.9303546,1
S17_AC08_F00041,17,8,41,1,front,0.81500971,1
S17_AC08_F00041,17,8,41,1,side_locked_exp21A,0.82234442,1
S17_AC08_F00061,17,8,61,1,front,0.70400453,1
S17_AC08_F00061,17,8,61,1,side_locked_exp21A,0.75911653,1
S17_AC08_F00081,17,8,81,1,front,0.43224606,0
S17_AC08_F00081,17,8,81,1,side_locked_exp21A,0.8069852,1
S17_AC08_F00101,17,8,101,1,front,0.78255153,1
S17_AC08_F00101,17,8,101,1,side_locked_exp21A,0.69751006,1
S17_AC08_F00121,17,8,121,1,front,0.7270003,1
S17_AC08_F00121,17,8,121,1,side_locked_exp21A,0.5845713,1
S17_AC08_F00141,17,8,141,1,front,0.65372527,1
S17_AC08_F00141,17,8,141,1,side_locked_exp21A,0.85860527,1
S17_AC09_F00001,17,9,1,1,front,0.89253139,1
S17_AC09_F00001,17,9,1,1,side_locked_exp21A,0.82558709,1
S17_AC09_F00021,17,9,21,1,front,0.88832241,1
S17_AC09_F00021,17,9,21,1,side_locked_exp21A,0.94376415,1
S17_AC09_F00041,17,9,41,1,front,0.88038033,1
S17_AC09_F00041,17,9,41,1,side_locked_exp21A,0.87658083,1
S17_AC09_F00061,17,9,61,1,front,0.73907638,1
S17_AC09_F00061,17,9,61,1,side_locked_exp21A,0.9315111,1
S17_AC09_F00081,17,9,81,1,front,0.86749274,1
S17_AC09_F00081,17,9,81,1,side_locked_exp21A,0.77800369,1
S17_AC09_F00101,17,9,101,1,front,0.9371292,1
S17_AC09_F00101,17,9,101,1,side_locked_exp21A,0.94599926,1
S17_AC09_F00121,17,9,121,1,front,0.86162937,1
S17_AC09_F00121,17,9,121,1,side_locked_exp21A,0.93633538,1
S17_AC09_F00141,17,9,141,1,front,0.78550047,1
S17_AC09_F00141,17,9,141,1,side_locked_exp21A,0.92898351,1
S17_AC09_F00161,17,9,161,1,front,0.82399154,1
S17_AC09_F00161,17,9,161,1,side_locked_exp21A,0.83713931,1
S21_AC01_F00001,21,1,1,0,front,0.18266809,0
S21_AC01_F00001,21,1,1,0,side_locked_exp21A,0.37890497,0
S21_AC01_F00021,21,1,21,0,front,0.27120423,0
S21_AC01_F00021,21,1,21,0,side_locked_exp21A,0.32836205,0
S21_AC01_F00041,21,1,41,0,front,0.29464796,0
S21_AC01_F00041,21,1,41,0,side_locked_exp21A,0.37824494,0
S21_AC01_F00061,21,1,61,0,front,0.29227376,0
S21_AC01_F00061,21,1,61,0,side_locked_exp21A,0.29738456,0
S21_AC01_F00081,21,1,81,0,front,0.18602544,0
S21_AC01_F00081,21,1,81,0,side_locked_exp21A,0.39912271,0
S21_AC01_F00101,21,1,101,0,front,0.20571198,0
S21_AC01_F00101,21,1,101,0,side_locked_exp21A,0.29464817,0
S21_AC01_F00121,21,1,121,0,front,0.15988573,0
S21_AC01_F00121,21,1,121,0,side_locked_exp21A,0.26938626,0
S21_AC05_F00001,21,5,1,1,front,0.74637735,1
S21_AC05_F00001,21,5,1,1,side_locked_exp21A,0.62384129,1
S21_AC05_F00021,21,5,21,1,front,0.83660078,1
S21_AC05_F00021,21,5,21,1,side_locked_exp21A,0.82921243,1
S21_AC05_F00041,21,5,41,1,front,0.78680521,1
S21_AC05_F00041,21,5,41,1,side_locked_exp21A,0.80606043,1
S21_AC05_F00061,21,5,61,1,front,0.82263899,1
S21_AC05_F00061,21,5,61,1,side_locked_exp21A,0.65258425,1
S21_AC05_F00081,21,5,81,1,front,0.75457138,1
S21_AC05_F00081,21,5,81,1,side_locked_exp21A,0.81122738,1
S21_AC05_F00101,21,5,101,1,front,0.74450976,1
S21_AC05_F00101,21,5,101,1,side_locked_exp21A,0.67281204,1
S21_AC05_F00121,21,5,121,1,front,0.78807664,1
S21_AC05_F00121,21,5,121,1,side_locked_exp21A,0.86734706,1
S21_AC06_F00001,21,6,1,1,front,0.79863,1
S21_AC06_F00001,21,6,1,1,side_locked_exp21A,0.69329166,1
S21_AC06_F00021,21,6,21,1,front,0.77068239,1
S21_AC06_F00021,21,6,21,1,side_locked_exp21A,0.6906774,1
S21_AC06_F00041,21,6,41,1,front,0.89153063,1
S21_AC06_F00041,21,6,41,1,side_locked_exp21A,0.74850297,1
S21_AC06_F00061,21,6,61,1,front,0.74605155,1
S21_AC06_F00061,21,6,61,1,side_locked_exp21A,0.59577912,1
S21_AC06_F00081,21,6,81,1,front,0.771887,1
S21_AC06_F00081,21,6,81,1,side_locked_exp21A,0.75664908,1
S21_AC06_F00101,21,6,101,1,front,0.79413497,1
S21_AC06_F00101,21,6,101,1,side_locked_exp21A,0.80070359,1
S21_AC06_F00121,21,6,121,1,front,0.74994451,1
S21_AC06_F00121,21,6,121,1,side_locked_exp21A,0.83488309,1
S21_AC07_F00001,21,7,1,1,front,0.88542485,1
S21_AC07_F00001,21,7,1,1,side_locked_exp21A,0.63871229,1
S21_AC07_F00021,21,7,21,1,front,0.98887104,1
S21_AC07_F00021,21,7,21,1,side_locked_exp21A,0.71994734,1
S21_AC07_F00041,21,7,41,1,front,0.87998033,1
S21_AC07_F00041,21,7,41,1,side_locked_exp21A,0.8030802,1
S21_AC07_F00061,21,7,61,1,front,0.92665631,1
S21_AC07_F00061,21,7,61,1,side_locked_exp21A,0.77094495,1
S21_AC07_F00081,21,7,81,1,front,0.89398497,1
S21_AC07_F00081,21,7,81,1,side_locked_exp21A,0.77532935,1
S21_AC07_F00101,21,7,101,1,front,0.73223186,1
S21_AC07_F00101,21,7,101,1,side_locked_exp21A,0.821078,1
S21_AC07_F00121,21,7,121,1,front,0.93061405,1
S21_AC07_F00121,21,7,121,1,side_locked_exp21A,0.7900604,1
S21_AC07_F00141,21,7,141,1,front,0.9095028,1
S21_AC07_F00141,21,7,141,1,side_locked_exp21A,0.77082711,1
S21_AC07_F00161,21,7,161,1,front,0.89232594,1
S21_AC07_F00161,21,7,161,1,side_locked_exp21A,0.62952065,1
S21_AC08_F00001,21,8,1,1,front,0.90655673,1
S21_AC08_F00001,21,8,1,1,side_locked_exp21A,0.63990575,1
S21_AC08_F00021,21,8,21,1,front,0.87315428,1
S21_AC08_F00021,21,8,21,1,side_locked_exp21A,0.58357197,1
S21_AC08_F00041,21,8,41,1,front,0.78477389,1
S21_AC08_F00041,21,8,41,1,side_locked_exp21A,0.78042322,1
S21_AC08_F00061,21,8,61,1,front,0.34454507,0
S21_AC08_F00061,21,8,61,1,side_locked_exp21A,0.4165062,0
S21_AC08_F00081,21,8,81,1,front,0.55467993,1
S21_AC08_F00081,21,8,81,1,side_locked_exp21A,0.60299605,1
S21_AC08_F00101,21,8,101,1,front,0.70455688,1
S21_AC08_F00101,21,8,101,1,side_locked_exp21A,0.58159202,1
S21_AC08_F00121,21,8,121,1,front,0.7504645,1
S21_AC08_F00121,21,8,121,1,side_locked_exp21A,0.5642817,1
S21_AC08_F00141,21,8,141,1,front,0.3866798,0
S21_AC08_F00141,21,8,141,1,side_locked_exp21A,0.48191503,0
S21_AC08_F00161,21,8,161,1,front,0.89392829,1
S21_AC08_F00161,21,8,161,1,side_locked_exp21A,0.67557156,1
S21_AC08_F00181,21,8,181,1,front,0.87795043,1
S21_AC08_F00181,21,8,181,1,side_locked_exp21A,0.65295917,1
S21_AC09_F00001,21,9,1,1,front,0.86213499,1
S21_AC09_F00001,21,9,1,1,side_locked_exp21A,0.46771735,0
S21_AC09_F00021,21,9,21,1,front,0.95603108,1
S21_AC09_F00021,21,9,21,1,side_locked_exp21A,0.28644693,0
S21_AC09_F00041,21,9,41,1,front,0.90832418,1
S21_AC09_F00041,21,9,41,1,side_locked_exp21A,0.67850506,1
S21_AC09_F00061,21,9,61,1,front,0.79857826,1
S21_AC09_F00061,21,9,61,1,side_locked_exp21A,0.73100811,1
S21_AC09_F00081,21,9,81,1,front,0.79475605,1
S21_AC09_F00081,21,9,81,1,side_locked_exp21A,0.70988023,1
S21_AC09_F00101,21,9,101,1,front,0.86551976,1
S21_AC09_F00101,21,9,101,1,side_locked_exp21A,0.86576074,1
S21_AC09_F00121,21,9,121,1,front,0.83954716,1
S21_AC09_F00121,21,9,121,1,side_locked_exp21A,0.78858578,1
S42_AC01_F00001,42,1,1,0,front,0.45486709,0
S42_AC01_F00001,42,1,1,0,side_locked_exp21A,0.36279336,0
S42_AC01_F00021,42,1,21,0,front,0.44896495,0
S42_AC01_F00021,42,1,21,0,side_locked_exp21A,0.39717761,0
S42_AC01_F00041,42,1,41,0,front,0.28992909,0
S42_AC01_F00041,42,1,41,0,side_locked_exp21A,0.33295903,0
S42_AC01_F00061,42,1,61,0,front,0.25588855,0
S42_AC01_F00061,42,1,61,0,side_locked_exp21A,0.29145288,0
S42_AC01_F00081,42,1,81,0,front,0.31883386,0
S42_AC01_F00081,42,1,81,0,side_locked_exp21A,0.3037864,0
S42_AC01_F00101,42,1,101,0,front,0.26414242,0
S42_AC01_F00101,42,1,101,0,side_locked_exp21A,0.31180045,0
S42_AC05_F00001,42,5,1,1,front,0.49543604,0
S42_AC05_F00001,42,5,1,1,side_locked_exp21A,0.67429036,1
S42_AC05_F00021,42,5,21,1,front,0.84373742,1
S42_AC05_F00021,42,5,21,1,side_locked_exp21A,0.67177236,1
S42_AC05_F00041,42,5,41,1,front,0.83519155,1
S42_AC05_F00041,42,5,41,1,side_locked_exp21A,0.71147895,1
S42_AC05_F00061,42,5,61,1,front,0.73337483,1
S42_AC05_F00061,42,5,61,1,side_locked_exp21A,0.65850973,1
S42_AC05_F00081,42,5,81,1,front,0.7148186,1
S42_AC05_F00081,42,5,81,1,side_locked_exp21A,0.58232617,1
S42_AC06_F00001,42,6,1,1,front,0.67142594,1
S42_AC06_F00001,42,6,1,1,side_locked_exp21A,0.49399456,0
S42_AC06_F00021,42,6,21,1,front,0.73048323,1
S42_AC06_F00021,42,6,21,1,side_locked_exp21A,0.57054615,1
S42_AC06_F00041,42,6,41,1,front,0.27288896,0
S42_AC06_F00041,42,6,41,1,side_locked_exp21A,0.37565404,0
S42_AC06_F00061,42,6,61,1,front,0.42049167,0
S42_AC06_F00061,42,6,61,1,side_locked_exp21A,0.4637742,0
S42_AC06_F00081,42,6,81,1,front,0.38531154,0
S42_AC06_F00081,42,6,81,1,side_locked_exp21A,0.67731875,1
S42_AC07_F00001,42,7,1,1,front,0.60471129,1
S42_AC07_F00001,42,7,1,1,side_locked_exp21A,0.81943601,1
S42_AC07_F00021,42,7,21,1,front,0.58471096,1
S42_AC07_F00021,42,7,21,1,side_locked_exp21A,0.82645398,1
S42_AC07_F00041,42,7,41,1,front,0.65820765,1
S42_AC07_F00041,42,7,41,1,side_locked_exp21A,0.71056432,1
S42_AC07_F00061,42,7,61,1,front,0.64799362,1
S42_AC07_F00061,42,7,61,1,side_locked_exp21A,0.66224808,1
S42_AC07_F00081,42,7,81,1,front,0.55946475,1
S42_AC07_F00081,42,7,81,1,side_locked_exp21A,0.71177846,1
S42_AC07_F00101,42,7,101,1,front,0.33752882,0
S42_AC07_F00101,42,7,101,1,side_locked_exp21A,0.70514816,1
S42_AC07_F00121,42,7,121,1,front,0.77566755,1
S42_AC07_F00121,42,7,121,1,side_locked_exp21A,0.70623308,1
S42_AC08_F00001,42,8,1,1,front,0.67682976,1
S42_AC08_F00001,42,8,1,1,side_locked_exp21A,0.63146234,1
S42_AC08_F00021,42,8,21,1,front,0.52621996,1
S42_AC08_F00021,42,8,21,1,side_locked_exp21A,0.70415562,1
S42_AC08_F00041,42,8,41,1,front,0.65788752,1
S42_AC08_F00041,42,8,41,1,side_locked_exp21A,0.57080525,1
S42_AC08_F00061,42,8,61,1,front,0.50161982,1
S42_AC08_F00061,42,8,61,1,side_locked_exp21A,0.55721879,1
S42_AC08_F00081,42,8,81,1,front,0.4994832,0
S42_AC08_F00081,42,8,81,1,side_locked_exp21A,0.6089099,1
S42_AC08_F00101,42,8,101,1,front,0.35243729,0
S42_AC08_F00101,42,8,101,1,side_locked_exp21A,0.56213087,1
S42_AC08_F00121,42,8,121,1,front,0.4322165,0
S42_AC08_F00121,42,8,121,1,side_locked_exp21A,0.44214529,0
S42_AC09_F00001,42,9,1,1,front,0.67831534,1
S42_AC09_F00001,42,9,1,1,side_locked_exp21A,0.49957618,0
S42_AC09_F00021,42,9,21,1,front,0.74077535,1
S42_AC09_F00021,42,9,21,1,side_locked_exp21A,0.44368616,0
S42_AC09_F00041,42,9,41,1,front,0.8394376,1
S42_AC09_F00041,42,9,41,1,side_locked_exp21A,0.58220321,1
S42_AC09_F00061,42,9,61,1,front,0.92570418,1
S42_AC09_F00061,42,9,61,1,side_locked_exp21A,0.56323636,1
S42_AC09_F00081,42,9,81,1,front,0.6618939,1
S42_AC09_F00081,42,9,81,1,side_locked_exp21A,0.62069911,1
S42_AC09_F00101,42,9,101,1,front,0.42794946,0
S42_AC09_F00101,42,9,101,1,side_locked_exp21A,0.55771095,1
S42_AC09_F00121,42,9,121,1,front,0.50460821,1
S42_AC09_F00121,42,9,121,1,side_locked_exp21A,0.40171295,0
S42_AC09_F00141,42,9,141,1,front,0.78851277,1
S42_AC09_F00141,42,9,141,1,side_locked_exp21A,0.68860763,1
