sample_id,subject_id,activity_id,frame,true_label,prob_phone_front,prob_phone_side,pred_label_front,pred_label_side,prob_safe_front,prob_safe_side,confidence_front,confidence_side,w_front_softmax,w_side_softmax,w_front_linear,w_side_linear,prob_phone_average,prob_phone_adaptive_softmax,prob_phone_adaptive_linear,pred_average,pred_adaptive_softmax,pred_adaptive_linear,abs_prob_softmax_vs_average,abs_prob_linear_vs_average,abs_prob_linear_vs_softmax
S04_AC01_F00001,4,1,1,0,0.74456328,0.59661436,1.0,1.0,0.25543671999999995,0.40338564,0.24456328000000005,0.09661436000000001,0.5369199099233434,0.4630800900766565,0.7168209499309509,0.28317905006904903,0.6705888200000001,0.6760510807996559,0.7026672453756583,1,1,1,0.005462260799655838,0.03207842537565819,0.026616164576002355
S04_AC01_F00031,4,1,31,0,0.46416569,0.51737666,0.0,1.0,0.53583431,0.48262333999999996,0.03583430999999998,0.017376660000000044,0.5046142814994296,0.49538571850057034,0.6734383906175732,0.3265616093824269,0.490771175,0.49052564460556225,0.48154235000000006,0,0,0,0.00024553039443775404,0.00922882499999994,0.008983294605562187
S04_AC01_F00061,4,1,61,0,0.51860064,0.50899857,1.0,1.0,0.48139936000000005,0.49100142999999996,0.018600639999999946,0.008998570000000039,0.5024004990562443,0.4975995009437558,0.6739555226399581,0.326044477360042,0.513799605,0.513822654759973,0.5154699381052754,1,1,1,2.3049759973026163e-05,0.0016703331052754233,0.0016472833453023972
S04_AC01_F00091,4,1,91,0,0.38807741,0.49974036,0.0,0.0,0.61192259,0.50025964,0.11192258999999999,0.0002596400000000054,0.5278867677401858,0.47211323225981416,0.9976855514460712,0.0023144485539287767,0.44390888500000003,0.44079496624816605,0.3883358481531549,0,0,0,0.0031139187518339773,0.055573036846845114,0.05245911809501114
S04_AC01_F00121,4,1,121,0,0.54008079,0.49108329,1.0,0.0,0.45991921,0.50891671,0.04008078999999998,0.008916709999999994,0.5077903895080911,0.49220961049190887,0.8180170416858003,0.1819829583141997,0.51558204,0.5159637496099226,0.5311640799999999,1,1,1,0.0003817096099226758,0.015582039999999964,0.015200330390077288
S04_AC01_F00151,4,1,151,0,0.33069831,0.66410196,0.0,1.0,0.66930169,0.33589804,0.16930169,0.16410196,0.5012999295711309,0.49870007042886916,0.5077979500224428,0.49220204997755723,0.497400135,0.49696673373624206,0.49480027,0,0,0,0.00043340126375795984,0.0025998650000000345,0.0021664637362420747
S04_AC05_F00001,4,5,1,1,0.86222279,0.69876575,1.0,1.0,0.13777720999999998,0.30123425000000004,0.36222279,0.19876574999999996,0.540773517470702,0.459226482529298,0.6456866124217083,0.35431338757829167,0.7804942699999999,0.7871589884761492,0.8043077724340797,1,1,1,0.006664718476149245,0.02381350243407976,0.017148783957930513
S04_AC05_F00031,4,5,31,1,0.45618528,0.68420613,0.0,1.0,0.54381472,0.31579387000000003,0.043814719999999974,0.18420612999999997,0.46495968159010004,0.5350403184099,0.19215225274355388,0.8078477472564461,0.5701957049999999,0.578185628188096,0.64039141,1,1,1,0.007989923188096104,0.07019570500000005,0.06220578181190395
S04_AC05_F00061,4,5,61,1,0.63179177,0.62435085,1.0,1.0,0.36820823,0.37564915,0.13179176999999997,0.12435085000000001,0.5018602214170562,0.4981397785829437,0.5145249548864612,0.4854750451135388,0.6280713099999999,0.6280851517587466,0.6281793890273137,1,1,1,1.3841758746635513e-05,0.00010807902731380103,9.423726856716552e-05
S04_AC05_F00091,4,5,91,1,0.54934478,0.71428859,1.0,1.0,0.45065522,0.28571141,0.04934477999999998,0.21428859,0.4588572842034042,0.5411427157965959,0.18717198054252382,0.8128280194574762,0.631816685,0.6386029212972377,0.6834157304040702,1,1,1,0.0067862362972377355,0.05159904540407023,0.044812809106832496
S04_AC06_F00001,4,6,1,1,0.66028571,0.68746322,1.0,1.0,0.33971429,0.31253677999999996,0.16028571000000003,0.18746322000000004,0.49320604067270174,0.5067939593272982,0.4609236612173041,0.5390763387826959,0.673874465,0.6740591078975573,0.6749364625880301,1,1,1,0.00018464289755726337,0.0010619975880300503,0.0008773546904727869
S04_AC06_F00031,4,6,31,1,0.80155659,0.79162711,1.0,1.0,0.19844341,0.20837289000000003,0.30155659,0.29162710999999997,0.5024823496045169,0.49751765039548307,0.5083696500763591,0.4916303499236408,0.79659185,0.7966164984407511,0.7966749562730402,1,1,1,2.4648440751118272e-05,8.310627304020102e-05,5.8457832289082745e-05
S04_AC06_F00061,4,6,61,1,0.7811895,0.77780384,1.0,1.0,0.21881050000000002,0.22219615999999998,0.2811895,0.27780384,0.5008464141914846,0.4991535858085154,0.5030283545059767,0.4969716454940233,0.77949667,0.7794995356706715,0.7795069229787167,1,1,1,2.8656706715368685e-06,1.0252978716707162e-05,7.387308045170293e-06
S04_AC07_F00001,4,7,1,1,0.31064221,0.7163986,0.0,1.0,0.6893577900000001,0.2836014,0.18935779000000003,0.2163986,0.4932402093945996,0.5067597906054004,0.4666785161411753,0.5333214838588247,0.513520405,0.5162632332332032,0.5270408099999999,1,1,1,0.002742828233203265,0.013520404999999958,0.010777576766796693
S04_AC07_F00031,4,7,31,1,0.90273452,0.74480051,1.0,1.0,0.09726548000000002,0.25519949,0.40273452,0.24480051000000003,0.539401636444914,0.4605983635550859,0.6219501669276487,0.37804983307235135,0.823767515,0.8299903734443074,0.843027593883053,1,1,1,0.0062228584443073665,0.019260078883053033,0.013037220438745667
S04_AC07_F00061,4,7,61,1,0.9535836,0.80534154,1.0,1.0,0.046416400000000024,0.19465845999999998,0.4535836,0.30534154,0.5369927945608152,0.46300720543918483,0.5976657987637621,0.4023342012362379,0.87946257,0.884946458070852,0.8939407492002857,1,1,1,0.005483888070851983,0.014478179200285601,0.008994291129433618
S04_AC07_F00091,4,7,91,1,0.93493372,0.7587167,1.0,1.0,0.06506628000000003,0.24128329999999998,0.43493371999999997,0.2587167,0.5439406085512167,0.4560593914487833,0.6270214901621483,0.3729785098378518,0.84682521,0.854568293095882,0.869208558472333,1,1,1,0.0077430830958820085,0.02238334847233303,0.014640265376451023
S04_AC07_F00121,4,7,121,1,0.87920976,0.77587914,1.0,1.0,0.12079024000000005,0.22412085999999998,0.37920975999999995,0.27587914,0.5258096944431828,0.47419030555681724,0.5788676315535188,0.4211323684464811,0.82754445,0.8302113817288246,0.8356938912663565,1,1,1,0.0026669317288245953,0.008149441266356527,0.005482509537531932
S04_AC08_F00001,4,8,1,1,0.65265584,0.65715402,1.0,1.0,0.34734416,0.34284598,0.15265584,0.15715402,0.49887545689613116,0.5011245431038689,0.4927404182681597,0.5072595817318404,0.65490493,0.6549099883972991,0.6549375849053546,1,1,1,5.058397299029238e-06,3.2654905354534414e-05,2.7596508055505176e-05
S04_AC08_F00031,4,8,31,1,0.62697053,0.63227457,1.0,1.0,0.37302947,0.36772543,0.12697053000000003,0.13227456999999998,0.49867399310869354,0.5013260068913065,0.4897702213079438,0.5102297786920562,0.62962255,0.6296295831935917,0.6296768091553738,1,1,1,7.03319359174337e-06,5.425915537382586e-05,4.722596178208249e-05
S04_AC08_F00061,4,8,61,1,0.46221399,0.82149225,0.0,1.0,0.53778601,0.17850774999999997,0.03778600999999998,0.32149225000000003,0.429545377131708,0.5704546228682922,0.10517199120258482,0.8948280087974152,0.64185312,0.6671659343130764,0.78370624,1,1,1,0.025312814313076304,0.14185311999999994,0.11654030568692364
S04_AC08_F00091,4,8,91,1,0.55644029,0.65844989,1.0,1.0,0.44355971000000005,0.34155011,0.05644028999999995,0.15844988999999998,0.47451969175468406,0.525480308245316,0.2626471344572375,0.7373528655427625,0.6074450899999999,0.6100443260519814,0.6316573608728709,1,1,1,0.002599236051981535,0.024212270872871033,0.0216130348208895
S04_AC08_F00121,4,8,121,1,0.63369459,0.46185443,1.0,0.0,0.36630541000000005,0.53814557,0.13369458999999995,0.03814557000000002,0.5238690981224434,0.47613090187755647,0.7780171410454924,0.22198285895450764,0.54777451,0.5518761796404164,0.5955490199999999,1,1,1,0.004101669640416361,0.04777450999999988,0.04367284035958352
S04_AC08_F00151,4,8,151,1,0.94133818,0.66569066,1.0,1.0,0.058661819999999976,0.33430934,0.44133818,0.16569066,0.5684788340679825,0.43152116593201745,0.727046477725836,0.2729535222741641,0.80351442,0.8223904407833309,0.8660992185098619,1,1,1,0.01887602078333095,0.06258479850986198,0.043708777726531034
S04_AC08_F00181,4,8,181,1,0.92826456,0.73709989,1.0,1.0,0.07173543999999998,0.26290011,0.42826456,0.23709988999999998,0.5476461576391397,0.4523538423608603,0.6436541056559304,0.3563458943440696,0.832682225,0.8417904870018541,0.860143814701861,1,1,1,0.009108262001854106,0.027461589701860967,0.01835332770000686
S04_AC09_F00001,4,9,1,1,0.43028209,0.49552289,0.0,0.0,0.56971791,0.5044771100000001,0.06971791,0.004477110000000006,0.5163044172850502,0.48369558271494983,0.9396575403578299,0.06034245964217014,0.46290249,0.4618387767727895,0.4342188803410229,0,0,0,0.0010637132272104943,0.028683609658977094,0.0276198964317666
S04_AC09_F00031,4,9,31,1,0.85309088,0.7055952,1.0,1.0,0.14690912,0.2944048,0.35309088,0.20559519999999998,0.5368072158417625,0.46319278415823745,0.6320022865076574,0.36799771349234256,0.77934304,0.7847719453294875,0.7988128070100018,1,1,1,0.005428905329487477,0.019469767010001804,0.014040861680514327
S04_AC09_F00061,4,9,61,1,0.9240973,0.68869555,1.0,1.0,0.07590269999999999,0.31130444999999995,0.4240973,0.18869555000000005,0.5585801736081323,0.44141982639186783,0.6920728595315693,0.3079271404684308,0.806396425,0.8201863003826582,0.8516107122612356,1,1,1,0.01378987538265819,0.045214287261235664,0.031424411878577474
S04_AC09_F00091,4,9,91,1,0.86270934,0.54614651,1.0,1.0,0.13729066,0.45385348999999997,0.36270934,0.04614651000000003,0.5784863598534361,0.42151364014656395,0.8871325676274412,0.11286743237255875,0.7044279250000001,0.7292737891916021,0.8269797061933091,1,1,1,0.024845864191602063,0.122551781193309,0.09770591700170694
S04_AC09_F00121,4,9,121,1,0.95875579,0.71745777,1.0,1.0,0.04124421,0.28254223,0.45875579,0.21745777,0.5600335010549725,0.43996649894502743,0.6784185013976946,0.32158149860230545,0.8381067799999999,0.8525927449382327,0.881158811118631,1,1,1,0.014485964938232732,0.043052031118631096,0.028566066180398364
S04_AC09_F00151,4,9,151,1,0.94481945,0.5883168,1.0,1.0,0.055180549999999995,0.4116832,0.44481945,0.08831679999999997,0.5881935613874256,0.4118064386125744,0.8343447852214139,0.1656552147785861,0.766568125,0.7980093633475549,0.8857629269451149,1,1,1,0.031441238347554856,0.11919480194511489,0.08775356359756004
S04_AC09_F00181,4,9,181,1,0.82193792,0.63118029,1.0,1.0,0.17806208,0.36881971,0.32193792,0.13118028999999998,0.5475453197293282,0.45245468027067187,0.7104943321523097,0.28950566784769033,0.726559105,0.7356287375091588,0.7667125049298075,1,1,1,0.00906963250915882,0.04015339992980749,0.031083767420648667
S08_AC01_F00001,8,1,1,0,0.29249039,0.66146094,0.0,1.0,0.70750961,0.33853906,0.20750961,0.16146094,0.5115101336545183,0.4884898663454816,0.5624015521021936,0.43759844789780644,0.476975665,0.47272876465491875,0.45395133,0,0,0,0.004246900345081239,0.023024335000000007,0.018777434654918768
S08_AC01_F00031,8,1,31,0,0.34241903,0.56476372,0.0,1.0,0.6575809699999999,0.43523628000000003,0.15758097,0.06476371999999997,0.523187667995464,0.47681233200453593,0.7087237837791405,0.29127621622085953,0.453591375,0.4484357201477256,0.40718275000000004,0,0,0,0.005155654852274427,0.04640862499999998,0.041252970147725554
S08_AC01_F00061,8,1,61,0,0.19091652,0.58846521,0.0,1.0,0.80908348,0.41153479000000004,0.30908347999999997,0.08846520999999996,0.554931942147685,0.4450680578523149,0.7774732700037322,0.22252672999626782,0.389690865,0.367852743360032,0.27938173,0,0,0,0.02183812163996801,0.110309135,0.08847101336003199
S08_AC01_F00091,8,1,91,0,0.38772315,0.63866502,0.0,1.0,0.61227685,0.36133498,0.11227684999999998,0.13866502000000003,0.4934033402862613,0.5065966597137387,0.44742174751467334,0.5525782524853267,0.5131940850000001,0.5148494631243192,0.52638817,1,1,1,0.0016553781243191512,0.013194084999999967,0.011538706875680815
S08_AC01_F00121,8,1,121,0,0.68584567,0.65378439,1.0,1.0,0.31415433000000004,0.34621561,0.18584566999999996,0.15378439,0.5080146334744677,0.4919853665255324,0.5472002978770489,0.4527997021229511,0.66981503,0.6700719894079223,0.6713283319663195,1,1,1,0.0002569594079223636,0.0015133019663194913,0.0012563425583971277
S08_AC01_F00151,8,1,151,0,0.73416609,0.59860814,1.0,1.0,0.26583391,0.40139186000000004,0.23416609,0.09860813999999996,0.5338376867041386,0.4661623132958615,0.7036785570805769,0.2963214429194231,0.666387115,0.6709740824423553,0.693997362656801,1,1,1,0.004586967442355316,0.02761024765680098,0.023023280214445663
S08_AC01_F00181,8,1,181,0,0.60322756,0.57647783,1.0,1.0,0.39677244,0.42352217000000003,0.10322756,0.07647782999999997,0.5066870337635883,0.49331296623641174,0.5744266212604976,0.4255733787395024,0.589852695,0.5900315713476768,0.5918435870235306,1,1,1,0.00017887634767677074,0.0019908920235305327,0.001812015675853762
S08_AC01_F00211,8,1,211,0,0.77936083,0.73371506,1.0,1.0,0.22063917,0.26628494,0.27936083,0.23371505999999997,0.511409461566492,0.48859053843350797,0.5444824741228828,0.4555175258771173,0.756537945,0.7570587386584879,0.7585683817828441,1,1,1,0.0005207936584878947,0.0020304367828440917,0.001509643124356197
S08_AC05_F00001,8,5,1,1,0.41704869,0.50720656,0.0,1.0,0.58295131,0.49279344,0.08295131,0.007206559999999973,0.5189271391940079,0.4810728608059921,0.9200673219098902,0.07993267809010988,0.462127625,0.4604211944450747,0.42425525,0,0,0,0.001706430554925309,0.037872375000000014,0.036165944445074705
S08_AC05_F00031,8,5,31,1,0.65386051,0.70984733,1.0,1.0,0.34613949,0.29015267,0.15386051,0.20984733,0.4860069499383497,0.5139930500616503,0.4230332510841669,0.5769667489158331,0.68185392,0.6826373463750526,0.686163043517536,1,1,1,0.0007834263750525761,0.004309123517535984,0.0035256971424834083
S08_AC05_F00061,8,5,61,1,0.83780456,0.65868151,1.0,1.0,0.16219543999999997,0.34131849000000003,0.33780456000000003,0.15868150999999997,0.5446614126063978,0.45533858739360217,0.6803908113675778,0.3196091886324222,0.748243035,0.7562429234433663,0.7805551873241352,1,1,1,0.007999888443366299,0.0323121523241352,0.024312263880768903
S08_AC05_F00091,8,5,91,1,0.80466187,0.6384818,1.0,1.0,0.19533813,0.3615182,0.30466187,0.1384818,0.5414496724989197,0.4585503275010802,0.6875013469108111,0.3124986530891889,0.721571835,0.7284599444773475,0.7527308219547328,1,1,1,0.006888109477347526,0.031158986954732848,0.024270877477385322
S08_AC05_F00121,8,5,121,1,0.86169368,0.60209066,1.0,1.0,0.13830631999999998,0.39790934,0.36169368,0.10209066,0.5645387028232239,0.435461297176776,0.7798747150453592,0.22012528495464076,0.7318921700000001,0.7486466121597914,0.8045484912474148,1,1,1,0.016754442159791383,0.07265632124741472,0.05590187908762334
S08_AC05_F00151,8,5,151,1,0.59870535,0.73546314,1.0,1.0,0.40129465,0.26453686,0.09870535000000003,0.23546314000000002,0.46586373925738156,0.5341362607426183,0.2953759943075423,0.7046240056924576,0.6670842450000001,0.6717526445780242,0.695068171799448,1,1,1,0.004668399578024118,0.027983926799447945,0.023315527221423826
S08_AC06_F00001,8,6,1,1,0.73963112,0.78096622,1.0,1.0,0.26036888,0.21903377999999996,0.23963111999999998,0.28096622000000004,0.48966769609779276,0.5103323039022073,0.4603003157872454,0.5396996842127546,0.7602986700000001,0.7607257568150282,0.7619396604169026,1,1,1,0.0004270868150281215,0.0016409904169025769,0.0012139036018744553
S08_AC06_F00031,8,6,31,1,0.82316315,0.73688322,1.0,1.0,0.17683685000000005,0.26311678000000005,0.32316314999999995,0.23688321999999995,0.5215566114676554,0.4784433885323446,0.577029273486765,0.422970726513235,0.7800231849999999,0.7818830879284664,0.7866692653243889,1,1,1,0.0018599029284664947,0.006646080324388959,0.004786177395922464
S08_AC06_F00061,8,6,61,1,0.84199411,0.67321783,1.0,1.0,0.15800588999999998,0.32678217,0.34199411,0.17321783000000002,0.5420941947941234,0.45790580520587665,0.6637930596096046,0.33620694039039545,0.75760597,0.7647104716069475,0.7852503532907273,1,1,1,0.007104501606947533,0.02764438329072738,0.020539881683779848
S08_AC06_F00091,8,6,91,1,0.71555531,0.6453765,1.0,1.0,0.28444468999999994,0.3546235,0.21555531000000006,0.14537650000000002,0.517537505310745,0.48246249468925484,0.597218931742259,0.40278106825774096,0.680465905,0.6816966662530768,0.687288613939143,1,1,1,0.0012307612530767509,0.006822708939142941,0.00559194768606619
S08_AC06_F00121,8,6,121,1,0.88714498,0.69591796,1.0,1.0,0.11285502000000003,0.30408204000000005,0.38714497999999997,0.19591795999999995,0.5476616035490013,0.45233839645099877,0.6639848864343874,0.3360151135656126,0.79153147,0.800645656415097,0.8228898111578863,1,1,1,0.009114186415096981,0.03135834115788627,0.02224415474278929
S08_AC06_F00151,8,6,151,1,0.55626643,0.7163204,1.0,1.0,0.44373357,0.28367960000000003,0.05626642999999998,0.21632039999999997,0.4600717089582145,0.5399282910417855,0.20641653890615327,0.7935834610938467,0.6362934149999999,0.6426840964965532,0.6832826134744108,1,1,1,0.006390681496553308,0.046989198474410854,0.040598516977857546
S08_AC07_F00001,8,7,1,1,0.59124064,0.6152007,1.0,1.0,0.40875936,0.38479929999999996,0.09124063999999998,0.11520070000000004,0.49401027154810123,0.5059897284518988,0.4419688420933519,0.5580311579066481,0.60322067,0.6033641842530912,0.6046111000253128,1,1,1,0.0001435142530912259,0.0013904300253128055,0.0012469157722215796
S08_AC07_F00031,8,7,31,1,0.93211031,0.66361988,1.0,1.0,0.06788969,0.33638011999999995,0.43211031,0.16361988000000005,0.56672227026322,0.43327772973678,0.7253456636132541,0.27465433638674586,0.797865095,0.8157793860335482,0.8583682491221579,1,1,1,0.017914291033548135,0.0605031541221579,0.04258886308860976
S08_AC07_F00061,8,7,61,1,0.92587191,0.65139145,1.0,1.0,0.07412808999999998,0.34860855,0.42587191,0.15139144999999998,0.568192518972136,0.4318074810278641,0.7377428389011214,0.26225716109887864,0.78863168,0.8073491939760307,0.8538874437832856,1,1,1,0.01871751397603072,0.06525576378328568,0.04653824980725496
S08_AC07_F00091,8,7,91,1,0.93521988,0.65847099,1.0,1.0,0.06478012,0.34152901,0.43521988,0.15847098999999998,0.5687489914550622,0.43125100854493786,0.7330749081588538,0.2669250918411462,0.796845435,0.8158716420738079,0.8613486571198148,1,1,1,0.019026207073807866,0.06450322211981474,0.045477015046006874
S08_AC07_F00121,8,7,121,1,0.88031113,0.66443855,1.0,1.0,0.11968886999999995,0.33556145000000004,0.38031113000000005,0.16443854999999996,0.5537595364199103,0.44624046358008973,0.6981392444324154,0.3018607555675846,0.77237484,0.78398004982657,0.8151476698948762,1,1,1,0.011605209826569984,0.042772829894876185,0.0311676200683062
S08_AC08_F00001,8,8,1,1,0.40835774,0.55195338,0.0,1.0,0.59164226,0.44804661999999995,0.09164225999999998,0.05195338000000005,0.5099209177424371,0.4900790822575629,0.6381966750522506,0.3618033249477494,0.48015556000000004,0.4787309594673874,0.4603111200000001,0,0,0,0.0014246005326126188,0.019844439999999963,0.018419839467387344
S08_AC08_F00031,8,8,31,1,0.64842391,0.63221288,1.0,1.0,0.35157609,0.36778712,0.14842391,0.13221287999999998,0.5040526687477896,0.49594733125221047,0.5288825816458348,0.47111741835416515,0.640318395,0.6403840929346505,0.640786611397538,1,1,1,6.569793465049933e-05,0.0004682163975380238,0.00040251846288752446
S08_AC08_F00061,8,8,61,1,0.5410468,0.60124975,1.0,1.0,0.45895319999999995,0.39875025,0.04104680000000005,0.10124975000000003,0.48495380667140153,0.5150461933285984,0.2884595585767893,0.7115404414232107,0.5711482750000001,0.572054100224652,0.5838836336179796,1,1,1,0.0009058252246518794,0.012735358617979475,0.011829533393327596
S08_AC08_F00091,8,8,91,1,0.53608418,0.59080046,1.0,1.0,0.46391582,0.40919954000000003,0.03608418000000002,0.09080045999999997,0.4863243417598203,0.5136756582401798,0.2843857223380231,0.7156142776619768,0.56344232,0.564190601145454,0.5752399311885504,1,1,1,0.0007482811454539995,0.011797611188550383,0.011049330043096384
S08_AC08_F00121,8,8,121,1,0.58587849,0.62998104,1.0,1.0,0.41412150999999997,0.37001896,0.08587849000000003,0.12998104,0.48897614925662997,0.51102385074337,0.3978443295971228,0.6021556704028772,0.607929765,0.608415944928602,0.6124350905617264,1,1,1,0.0004861799286020041,0.004505325561726448,0.0040191456331244435
S08_AC08_F00151,8,8,151,1,0.60644394,0.63352799,1.0,1.0,0.39355606,0.36647200999999996,0.10644394000000001,0.13352799000000004,0.49322940137360216,0.5067705986263978,0.4435682956752483,0.5564317043247516,0.619985965,0.6201693402317273,0.6215143641015168,1,1,1,0.00018337523172728964,0.0015283991015168086,0.001345023869789519
S08_AC08_F00181,8,8,181,1,0.53977764,0.53496265,1.0,1.0,0.46022236000000005,0.46503735,0.03977763999999995,0.034962649999999984,0.5012037451743524,0.4987962548256477,0.5322114752297588,0.4677885247702413,0.5373701449999999,0.5373759410209771,0.5375252429311166,1,1,1,5.796020977166805e-06,0.0001550979311166767,0.00014930191013950989
S08_AC09_F00001,8,9,1,1,0.75597262,0.7105577,1.0,1.0,0.24402738000000002,0.28944230000000004,0.25597262,0.21055769999999996,0.511351778965906,0.48864822103409394,0.5486730637357075,0.4513269362642925,0.73326516,0.7337807001335943,0.735475643295712,1,1,1,0.0005155401335943388,0.0022104832957120513,0.0016949431621177125
S08_AC09_F00031,8,9,31,1,0.87715721,0.74403274,1.0,1.0,0.12284278999999998,0.25596726000000003,0.37715721,0.24403273999999997,0.5332320534410804,0.46676794655891957,0.607152787967674,0.392847212032326,0.810594975,0.8150189745013554,0.824859633107219,1,1,1,0.004423999501355413,0.014264658107218997,0.009840658605863584
S08_AC09_F00061,8,9,61,1,0.84705067,0.76209694,1.0,1.0,0.15294933,0.23790306000000006,0.34705067,0.26209693999999994,0.5212256683235929,0.4787743316764071,0.5697316451754609,0.4302683548245391,0.804573805,0.806377004695832,0.810497768356692,1,1,1,0.0018031996958319807,0.005923963356691986,0.004120763660860005
S08_AC09_F00091,8,9,91,1,0.90175807,0.75725484,1.0,1.0,0.09824193000000003,0.24274516000000002,0.40175806999999997,0.25725484,0.5360630760196009,0.46393692398039915,0.6096361147158711,0.39036388528412896,0.829506455,0.8347176859685679,0.8453492277010939,1,1,1,0.005211230968567904,0.01584277270109391,0.010631541732526006
S08_AC09_F00121,8,9,121,1,0.85573906,0.79088956,1.0,1.0,0.14426094,0.20911044,0.35573906,0.29088956,0.5162066956836944,0.4837933043163056,0.5501443162228111,0.4498556837771888,0.82331431,0.8243653061117397,0.8265661438348911,1,1,1,0.0010509961117397548,0.003251833834891138,0.002200837723151383
S08_AC09_F00151,8,9,151,1,0.81517363,0.63518733,1.0,1.0,0.18482637000000002,0.36481266999999995,0.31517363,0.13518733000000005,0.5448754949648664,0.4551245050351336,0.6998244918920147,0.30017550810798527,0.72518048,0.7332574542993949,0.7611461509450237,1,1,1,0.008076974299394912,0.035965670945023676,0.027888696645628763
S10_AC01_F00001,10,1,1,0,0.36506566,0.5987798,0.0,1.0,0.63493434,0.4012202,0.13493433999999999,0.09877979999999997,0.5090376505571286,0.4909623494428714,0.577347780498005,0.422652219501995,0.48192272999999997,0.47981050327242014,0.46384545999999993,0,0,0,0.0021122267275798245,0.018077270000000034,0.01596504327242021
S10_AC01_F00031,10,1,31,0,0.35870114,0.63486391,0.0,1.0,0.64129886,0.36513609,0.14129886000000003,0.13486390999999998,0.5016087319487281,0.4983912680512718,0.5116506471889749,0.4883493528110251,0.496782525,0.4963382531288517,0.49356504999999995,0,0,0,0.0004442718711482607,0.003217475000000025,0.0027732031288517645
S10_AC01_F00061,10,1,61,0,0.77354318,0.73854601,1.0,1.0,0.22645682,0.26145399,0.27354318,0.23854600999999998,0.5087483995968505,0.4912516004031496,0.5341709712716256,0.46582902872837445,0.756044595,0.7563507642279189,0.7572404822906582,1,1,1,0.00030616922791892875,0.0011958872906582263,0.0008897180627392975
S10_AC01_F00091,10,1,91,0,0.44538543,0.79518282,0.0,1.0,0.55461457,0.20481718000000004,0.05461456999999997,0.29518281999999996,0.4401463192085024,0.5598536807914976,0.15613201116223305,0.8438679888377669,0.620284125,0.6412207863227589,0.7405682499999999,1,1,1,0.020936661322758954,0.12028412499999996,0.09934746367724101
S10_AC01_F00121,10,1,121,0,0.51825392,0.69078296,1.0,1.0,0.48174607999999997,0.30921704000000005,0.018253920000000035,0.19078295999999995,0.45697441302556774,0.5430255869744323,0.08732392102293163,0.9126760789770684,0.60451844,0.6119416032161353,0.6757170477368778,1,1,1,0.007423163216135342,0.0711986077368778,0.06377544452074246
S10_AC05_F00001,10,5,1,1,0.91293448,0.7174682,1.0,1.0,0.08706552000000001,0.2825318,0.41293448,0.2174682,0.5487115748063002,0.4512884251936997,0.6550328751774976,0.34496712482250236,0.81520134,0.8247228103203292,0.8455050393886498,1,1,1,0.00952147032032924,0.030303699388649852,0.020782229068320612
S10_AC05_F00031,10,5,31,1,0.85129815,0.74097252,1.0,1.0,0.14870185000000002,0.25902748,0.35129815,0.24097252000000002,0.5275534653559081,0.472446534644092,0.593137846923941,0.406862153076059,0.796135335,0.7991751884240738,0.8064108266387273,1,1,1,0.0030398534240737574,0.010275491638727319,0.007235638214653561
S10_AC05_F00061,10,5,61,1,0.91291612,0.77792203,1.0,1.0,0.08708388,0.22207796999999996,0.41291612,0.27792203000000004,0.5336973646440719,0.4663026353559281,0.5977031233726742,0.40229687662732583,0.845419075,0.8499680200755246,0.858608419229852,1,1,1,0.004548945075524613,0.013189344229851963,0.00864039915432735
S10_AC05_F00091,10,5,91,1,0.92732042,0.87671167,1.0,1.0,0.07267957999999997,0.12328832999999995,0.42732042000000003,0.37671167000000005,0.5126494877448657,0.4873505122551342,0.531471847100033,0.46852815289996697,0.9020160450000001,0.902656219762908,0.9036087958419239,1,1,1,0.0006401747629078969,0.0015927508419237846,0.0009525760790158877
S10_AC05_F00121,10,5,121,1,0.8786096,0.72399038,1.0,1.0,0.12139040000000001,0.27600961999999996,0.3786096,0.22399038000000004,0.5385779782974931,0.4614220217025069,0.6282934161398411,0.3717065838601588,0.80129999,0.8072648869135353,0.8211366179346777,1,1,1,0.0059648969135353,0.019836627934677775,0.013871731021142475
S10_AC06_F00001,10,6,1,1,0.70015198,0.82064766,1.0,1.0,0.29984802,0.17935234,0.20015198,0.32064766,0.46991247511536216,0.5300875248846377,0.38431666350614224,0.6156833364938578,0.76039982,0.7640252367704913,0.7743391622954963,1,1,1,0.00362541677049133,0.013939342295496315,0.010313925525004985
S10_AC06_F00031,10,6,31,1,0.44934401,0.75129962,0.0,1.0,0.55065599,0.24870038000000005,0.050655989999999984,0.25129961999999995,0.45000669871094723,0.5499933012890529,0.1677597246827108,0.8322402753172892,0.600321815,0.6154175727866498,0.7006436299999999,1,1,1,0.015095757786649733,0.10032181499999981,0.08522605721335008
S10_AC06_F00061,10,6,61,1,0.47156015,0.74726248,0.0,1.0,0.52843985,0.25273752000000005,0.02843984999999999,0.24726247999999995,0.4455115931060639,0.554488406893936,0.10315418806942979,0.8968458119305702,0.609411315,0.6244338957386462,0.7188226299999999,1,1,1,0.015022580738646152,0.1094113149999999,0.09438873426135375
S10_AC06_F00091,10,6,91,1,0.28629535,0.7177279,0.0,1.0,0.7137046499999999,0.2822721,0.21370465,0.21772789999999997,0.49899418885671654,0.5010058111432834,0.4953373360447653,0.5046626639552347,0.502011625,0.5024455646663651,0.50402325,1,1,1,0.00043393966636517955,0.0020116250000000724,0.0015776853336348928
S10_AC06_F00121,10,6,121,1,0.7637729,0.77976316,1.0,1.0,0.23622710000000002,0.22023684,0.2637729,0.27976316,0.4960025201754104,0.5039974798245896,0.48529052515853316,0.5147094748414669,0.77176803,0.7718319507417399,0.7720032383271785,1,1,1,6.392074173988682e-05,0.00023520832717849327,0.00017128758543860645
S10_AC07_F00001,10,7,1,1,0.97626013,0.84970599,1.0,1.0,0.023739869999999996,0.15029400999999998,0.47626013,0.34970599,0.5315963757536073,0.4684036242463927,0.5766097645748472,0.4233902354251528,0.91298306,0.9169817121606145,0.9226783428713723,1,1,1,0.003998652160614569,0.009695282871372335,0.005696630710757766
S10_AC07_F00031,10,7,31,1,0.96353912,0.78243613,1.0,1.0,0.03646088000000003,0.21756387,0.46353911999999997,0.28243613,0.5451524047580399,0.45484759524196,0.6213867283130372,0.37861327168696285,0.8729876249999999,0.8811648605073712,0.8949711244438088,1,1,1,0.008177235507371261,0.02198349944380884,0.01380626393643758
S10_AC07_F00061,10,7,61,1,0.92082965,0.89539754,1.0,1.0,0.07917034999999994,0.10460245999999995,0.42082965000000006,0.39539754000000005,0.5063576848286041,0.49364231517139595,0.5155790632262569,0.4844209367737431,0.9081135950000001,0.9082752843399065,0.9085098034496671,1,1,1,0.0001616893399063457,0.00039620844966703483,0.00023451910976068913
S10_AC07_F00091,10,7,91,1,0.94719321,0.83291113,1.0,1.0,0.05280678999999999,0.16708886999999994,0.44719321,0.33291113000000006,0.5285394653710602,0.4714605346289398,0.5732479452684496,0.4267520547315504,0.89005217,0.8933137194646927,0.8984230975410046,1,1,1,0.0032615494646927035,0.008370927541004547,0.0051093780763118435
S10_AC08_F00001,10,8,1,1,0.97896302,0.78472841,1.0,1.0,0.021036979999999983,0.21527158999999996,0.47896302,0.28472841000000004,0.5484065615732618,0.4515934384267382,0.6271682530207259,0.3728317469792741,0.8818457150000001,0.8912479446086237,0.906546191029862,1,1,1,0.00940222960862358,0.024700476029861917,0.015298246421238337
S10_AC08_F00031,10,8,31,1,0.64327461,0.74438316,1.0,1.0,0.35672539000000003,0.25561683999999996,0.14327460999999997,0.24438316000000004,0.4747443743947726,0.5252556256052274,0.3695904508762973,0.6304095491237027,0.6938288850000001,0.6963824446842874,0.7070144054180514,1,1,1,0.0025535596842873876,0.013185520418051322,0.010631960733763934
S10_AC08_F00061,10,8,61,1,0.93693453,0.85166669,1.0,1.0,0.06306546999999996,0.14833331000000005,0.43693453000000004,0.35166668999999995,0.5213040537846744,0.47869594621532563,0.554062711188806,0.44593728881119404,0.8943006099999999,0.896117160649463,0.8989104206076133,1,1,1,0.0018165506494630668,0.0046098106076133405,0.0027932599581502737
S10_AC08_F00091,10,8,91,1,0.55892569,0.79103601,1.0,1.0,0.44107430999999997,0.20896399,0.05892569000000003,0.29103601,0.4422315446764046,0.5577684553235954,0.16837753959933335,0.8316224604006667,0.6749808500000001,0.6883895046510655,0.7519538454027861,1,1,1,0.013408654651065444,0.07697299540278602,0.06356434075172057
S10_AC08_F00121,10,8,121,1,0.45152012,0.75506061,0.0,1.0,0.5484798799999999,0.24493938999999998,0.048479879999999975,0.25506061,0.44853770281954347,0.5514622971804564,0.15971470560649084,0.8402852943935092,0.603290365,0.6189112559026813,0.7065807300000001,1,1,1,0.015620890902681261,0.1032903650000001,0.08766947409731884
S10_AC09_F00001,10,9,1,1,0.85272664,0.68941742,1.0,1.0,0.14727336000000002,0.31058258000000005,0.35272664,0.18941741999999995,0.5407368079972689,0.45926319200273114,0.6506142297307472,0.3493857702692527,0.77107203,0.7777247263393237,0.795668722378229,1,1,1,0.006652696339323638,0.024596692378229035,0.017943996038905397
S10_AC09_F00031,10,9,31,1,0.92297119,0.72177821,1.0,1.0,0.07702880999999995,0.27822179,0.42297119000000005,0.22177820999999998,0.5501292620446009,0.44987073795539906,0.6560241700108601,0.3439758299891399,0.8223747,0.8324603556159541,0.8537656677165116,1,1,1,0.010085655615954092,0.03139096771651162,0.021305312100557527
S10_AC09_F00061,10,9,61,1,0.84817642,0.78655642,1.0,1.0,0.15182357999999996,0.21344357999999997,0.34817642000000004,0.28655642000000003,0.5154001274200486,0.48459987257995135,0.5485401070472421,0.4514598929527579,0.81736642,0.8183153758516234,0.8203574613962511,1,1,1,0.0009489558516233565,0.0029910413962510596,0.002042085544627703
S10_AC09_F00091,10,9,91,1,0.82275409,0.88161117,1.0,1.0,0.17724591,0.11838883,0.32275409,0.38161117,0.48528997623943726,0.5147100237605627,0.45821977364414596,0.5417802263558541,0.8521826299999999,0.8530484190452774,0.8546416921250446,1,1,1,0.0008657890452774542,0.002459062125044653,0.001593273079767199
S10_AC09_F00121,10,9,121,1,0.64326602,0.68624455,1.0,1.0,0.35673398,0.31375545000000005,0.14326602,0.18624454999999995,0.4892570211104985,0.5107429788895016,0.43478429235213917,0.5652157076478609,0.664755285,0.6652170024404919,0.6675581602476148,1,1,1,0.00046171744049183783,0.0028028752476148,0.002341157807122962
S10_AC09_F00151,10,9,151,1,0.76565331,0.83593833,1.0,1.0,0.23434668999999997,0.16406167000000005,0.26565331000000003,0.33593832999999995,0.4824359749050594,0.5175640250949406,0.44158411177389373,0.5584158882261062,0.80079582,0.8020303078550783,0.8049015818722896,1,1,1,0.0012344878550782923,0.004105761872289504,0.0028712740172112117
S11_AC01_F00001,11,1,1,0,0.30718815,0.621508,0.0,1.0,0.69281185,0.37849200000000005,0.19281185,0.12150799999999995,0.5178184137167755,0.48218158628322455,0.613425623612381,0.38657437638761905,0.46434807499999997,0.4587473938733052,0.42869614999999994,0,0,0,0.005600681126694762,0.03565192500000003,0.030051243873305267
S11_AC01_F00031,11,1,31,0,0.67278415,0.640104,1.0,1.0,0.32721585,0.359896,0.17278415000000003,0.140104,0.5081693104496187,0.49183068955038145,0.5522233743911363,0.4477766256088637,0.656444075,0.6567110492908902,0.6581507427086085,1,1,1,0.0002669742908901762,0.0017066677086085003,0.001439693417718324
S11_AC01_F00061,11,1,61,0,0.74633735,0.80476022,1.0,1.0,0.25366265,0.19523977999999997,0.24633735,0.30476022,0.4853984354740447,0.5146015645259554,0.44699407765488786,0.5530059223451121,0.775548785,0.7764018503060965,0.7786455431103986,1,1,1,0.0008530653060965232,0.0030967581103985564,0.0022436928043020332
S11_AC01_F00091,11,1,91,0,0.8223744,0.70443028,1.0,1.0,0.17762560000000005,0.29556972000000004,0.32237439999999995,0.20443027999999996,0.5294518962552475,0.4705481037447526,0.6119429311068383,0.3880570688931617,0.76340234,0.7668760179861565,0.7766053504996167,1,1,1,0.003473677986156498,0.013203010499616696,0.009729332513460198
S11_AC01_F00121,11,1,121,0,0.66414517,0.53558195,1.0,1.0,0.33585483000000005,0.46441805,0.16414516999999995,0.03558194999999997,0.5320966081040062,0.4679033918959938,0.821847178290059,0.17815282170994098,0.59986356,0.603990003288929,0.641241269588884,1,1,1,0.0041264432889290825,0.04137770958888409,0.03725126629995501
S11_AC01_F00151,11,1,151,0,0.67496109,0.65292096,1.0,1.0,0.32503890999999996,0.34707904,0.17496109000000004,0.15292096,0.505509809461353,0.49449019053864707,0.5336098453696994,0.4663901546303007,0.663941025,0.6640624619168035,0.6646817903612281,1,1,1,0.00012143691680355229,0.0007407653612281351,0.0006193284444245828
S11_AC05_F00001,11,5,1,1,0.80778474,0.47285101,1.0,0.0,0.19221526,0.5271489899999999,0.30778474,0.027148989999999984,0.5697020796254038,0.4302979203745964,0.9189422038801527,0.0810577961198473,0.640317875,0.6636634525176937,0.7806357500000001,1,1,1,0.023345577517693616,0.14031787500000004,0.11697229748230642
S11_AC05_F00031,11,5,31,1,0.64597839,0.60326934,1.0,1.0,0.35402161,0.39673066,0.14597839,0.10326933999999999,0.5106756397960779,0.48932436020392206,0.5856759056541859,0.4143240943458141,0.624623865,0.6250798114338327,0.6282830015383799,1,1,1,0.00045594643383273237,0.0036591365383799035,0.003203190104547171
S11_AC05_F00061,11,5,61,1,0.92418337,0.66015357,1.0,1.0,0.07581663000000005,0.33984643000000003,0.42418336999999995,0.16015356999999997,0.5656266466029687,0.4343733533970312,0.725922564471108,0.2740774355288919,0.79216847,0.8094958603772524,0.8518187595127936,1,1,1,0.017327390377252394,0.05965028951279361,0.042322899135541214
S11_AC05_F00091,11,5,91,1,0.73996937,0.60821348,1.0,1.0,0.26003063000000004,0.39178652,0.23996936999999996,0.10821347999999997,0.5328914044191267,0.4671085955808733,0.6892050254629141,0.3107949745370859,0.674091425,0.6784250612625919,0.6990203015223388,1,1,1,0.004333636262591978,0.024928876522338883,0.020595240259746905
S11_AC05_F00121,11,5,121,1,0.78256071,0.56162655,1.0,1.0,0.21743928999999995,0.43837345000000005,0.28256071000000005,0.06162654999999995,0.5550099600893881,0.4449900399106119,0.8209505197839108,0.17904948021608919,0.67209363,0.6842472093239824,0.7430025634900217,1,1,1,0.012153579323982422,0.0709089334900217,0.058755354166039275
S11_AC06_F00001,11,6,1,1,0.67769319,0.52846205,1.0,1.0,0.32230681000000005,0.47153795,0.17769318999999995,0.028462050000000017,0.5372387020201096,0.46276129797989046,0.861938750623074,0.13806124937692596,0.60307762,0.6086347939545813,0.6570901523656569,1,1,1,0.005557173954581329,0.05401253236565695,0.04845535841107562
S11_AC06_F00031,11,6,31,1,0.70434028,0.54975885,1.0,1.0,0.29565971999999996,0.45024115,0.20434028000000004,0.04975885000000002,0.538568587025164,0.46143141297483603,0.8041754412933251,0.19582455870667487,0.6270495650000001,0.6330115523354294,0.6740694396860033,1,1,1,0.005961987335429297,0.047019874686003216,0.04105788735057392
S11_AC06_F00061,11,6,61,1,0.84489733,0.59588277,1.0,1.0,0.15510267,0.40411723,0.34489733,0.09588277,0.5619339356726702,0.43806606432732986,0.7824702839352321,0.2175297160647679,0.72039005,0.7358125017405983,0.7907292634672068,1,1,1,0.015422451740598309,0.07033921346720684,0.05491676172660853
S11_AC06_F00091,11,6,91,1,0.53021783,0.50238872,1.0,1.0,0.46978217,0.49761128,0.03021783,0.002388720000000011,0.506956828524046,0.49304317147595395,0.926741099564351,0.07325890043564898,0.5163032750000001,0.5164968773462468,0.5281791000012973,1,1,1,0.00019360234624676842,0.011875825001297247,0.011682222655050478
S11_AC07_F00001,11,7,1,1,0.87528574,0.7739203,1.0,1.0,0.12471425999999997,0.2260797,0.37528574000000003,0.2739203,0.5253196838328512,0.47468031616714873,0.5780687745911914,0.42193122540880856,0.8246030200000001,0.8271695608923779,0.832516495686697,1,1,1,0.0025665408923778443,0.00791347568669687,0.005346934794319025
S11_AC07_F00031,11,7,31,1,0.9352746,0.7607314,1.0,1.0,0.06472540000000004,0.23926860000000005,0.43527459999999996,0.26073139999999995,0.543525354880104,0.45647464511989605,0.6253891489441183,0.37461085105588166,0.848003,0.8556000547219089,0.869888823301983,1,1,1,0.007597054721908969,0.021885823301983076,0.014288768580074107
S11_AC07_F00061,11,7,61,1,0.88554561,0.83054626,1.0,1.0,0.11445439000000002,0.16945374000000002,0.38554561,0.33054626,0.5137463725251823,0.4862536274748178,0.5384024398992269,0.4615975601007731,0.858045935,0.8588019765537429,0.8601580442328715,1,1,1,0.00075604155374287,0.0021121092328714175,0.0013560676791285475
S11_AC07_F00091,11,7,91,1,0.7967906,0.80005944,1.0,1.0,0.20320939999999998,0.19994056000000004,0.2967906,0.30005943999999996,0.49918279072767807,0.5008172092723219,0.4972615901977656,0.5027384098022344,0.79842502,0.7984276913263577,0.7984339714234979,1,1,1,2.671326357672754e-06,8.951423497882693e-06,6.280097140209939e-06
S11_AC08_F00001,11,8,1,1,0.7487824,0.56494391,1.0,1.0,0.25121760000000004,0.43505609,0.24878239999999996,0.06494391,0.5458306185936148,0.4541693814063851,0.79299182781323,0.20700817218677006,0.6568631549999999,0.665288586718016,0.7107263302075242,1,1,1,0.00842543171801613,0.05386317520752426,0.04543774348950813
S11_AC08_F00031,11,8,31,1,0.89485484,0.59980476,1.0,1.0,0.10514515999999996,0.40019523999999995,0.39485484000000004,0.09980476000000005,0.5732320241492618,0.42676797585073833,0.7982354734447689,0.20176452655523117,0.7473298,0.7689369145838018,0.835324200298717,1,1,1,0.021607114583801712,0.08799440029871697,0.06638728571491526
S11_AC08_F00061,11,8,61,1,0.50794291,0.65949327,1.0,1.0,0.49205709,0.34050673,0.007942910000000025,0.15949327000000002,0.4621847591418527,0.5378152408581474,0.047438432959949414,0.9525615670400506,0.5837180900000001,0.5894490033655391,0.6523039584070838,1,1,1,0.005730913365538992,0.0685858684070837,0.0628549550415447
S11_AC08_F00091,11,8,91,1,0.69645846,0.6352542,1.0,1.0,0.30354154,0.3647458,0.19645846,0.1352542,0.5152962903552627,0.4847037096447373,0.5922549353407254,0.4077450646592747,0.66585633,0.666792528131939,0.671502725048877,1,1,1,0.0009361981319390145,0.005646395048876984,0.00471019691693797
S11_AC09_F00001,11,9,1,1,0.8805899,0.84447557,1.0,1.0,0.11941009999999996,0.15552443000000005,0.38058990000000004,0.34447556999999995,0.5090276013377957,0.49097239866220427,0.5249041855489271,0.4750958144510729,0.862532735,0.8628587607738216,0.8634321329752952,1,1,1,0.00032602577382156994,0.0008993979752951464,0.0005733722014735765
S11_AC09_F00031,11,9,31,1,0.8506549,0.75140309,1.0,1.0,0.1493451,0.24859690999999995,0.3506549,0.25140309000000005,0.5247926033410277,0.4752073966589722,0.582427118025624,0.417572881974376,0.801028995,0.803489705756209,0.8092100356571268,1,1,1,0.002460710756209017,0.00818104065712677,0.005720329900917753
S11_AC09_F00061,11,9,61,1,0.76226151,0.65386492,1.0,1.0,0.23773849000000002,0.34613508000000004,0.26226151,0.15386491999999996,0.5270726444630838,0.4729273555369163,0.6302447792128946,0.36975522078710543,0.7080632149999999,0.7109977973420807,0.7221813049319806,1,1,1,0.0029345823420807715,0.014118089931980715,0.011183507589899944
S11_AC09_F00091,11,9,91,1,0.91910309,0.83079296,1.0,1.0,0.08089690999999999,0.16920703999999998,0.41910309,0.33079296,0.5220631957148267,0.4779368042851734,0.5588815809871248,0.4411184190128752,0.874948025,0.876896428681792,0.8801478650715786,1,1,1,0.0019484036817919437,0.0051998400715785875,0.003251436389786644
S17_AC01_F00001,17,1,1,0,0.47906098,0.77685577,0.0,1.0,0.5209390199999999,0.22314423000000005,0.020939019999999975,0.27685576999999995,0.43636772508137567,0.5636322749186242,0.0703135874203843,0.9296864125796157,0.627958375,0.6469077349466139,0.7559167499999999,1,1,1,0.018949359946613953,0.12795837499999996,0.109009015053386
S17_AC01_F00031,17,1,31,0,0.48092353,0.61548656,0.0,1.0,0.51907647,0.38451344,0.019076470000000012,0.11548656000000002,0.47591612938576006,0.52408387061424,0.14176605565436515,0.8582339443456348,0.548205045,0.5514458436039801,0.59641009,1,1,1,0.0032407986039800774,0.048205045,0.044964246396019925
S17_AC01_F00061,17,1,61,0,0.40230688,0.57234532,0.0,1.0,0.59769312,0.42765467999999995,0.09769312000000002,0.07234532000000005,0.5063366107251439,0.49366338927485615,0.5745354991494863,0.4254645008505137,0.4873261,0.48624863259740936,0.4746522,0,0,0,0.0010774674025906261,0.01267389999999996,0.011596432597409334
S17_AC01_F00091,17,1,91,0,0.45796132,0.50450492,0.0,1.0,0.54203868,0.49549508,0.042038679999999995,0.004504920000000023,0.5093823385524978,0.4906176614475023,0.9032107529284366,0.09678924707156347,0.48123312,0.480796432187348,0.46246624000000003,0,0,0,0.0004366878126519924,0.018766879999999986,0.018330192187347993
S17_AC01_F00121,17,1,121,0,0.34034458,0.53119409,0.0,1.0,0.65965542,0.46880591000000005,0.15965542,0.031194089999999952,0.5320712404873564,0.4679287595126435,0.8365513749550629,0.16344862504493704,0.435769335,0.42964855446789585,0.37153866999999996,0,0,0,0.006120780532104131,0.06423066500000002,0.05810988446789589
S17_AC01_F00151,17,1,151,0,0.40592602,0.73204976,0.0,1.0,0.59407398,0.26795024,0.09407398,0.23204976,0.4655606737002155,0.5344393262997846,0.2884609994966941,0.7115390005033059,0.56898789,0.5802193718959662,0.63797578,1,1,1,0.011231481895966122,0.06898788999999994,0.05775640810403382
S17_AC05_F00001,17,5,1,1,0.76693463,0.56275892,1.0,1.0,0.23306537000000005,0.43724107999999995,0.26693462999999995,0.06275892000000005,0.5508673382085195,0.44913266179148037,0.8096446836767051,0.19035531632329492,0.664846775,0.6752326498945345,0.7280686981374167,1,1,1,0.010385874894534464,0.0632219231374167,0.05283604824288224
S17_AC05_F00031,17,5,31,1,0.79094309,0.6566754,1.0,1.0,0.20905691000000004,0.3433246,0.29094308999999996,0.15667540000000002,0.5335165850631365,0.4664834149368635,0.6499800533262153,0.3500199466737847,0.723809245,0.7283094394531159,0.7439467203061878,1,1,1,0.004500194453115891,0.020137475306187813,0.015637280853071922
S17_AC05_F00061,17,5,61,1,0.84956825,0.53603953,1.0,1.0,0.15043174999999998,0.46396046999999996,0.34956825,0.03603953000000004,0.5777463471446437,0.4222536528553564,0.9065383743035474,0.09346162569645258,0.69280389,0.7171796027049359,0.8202653461262721,1,1,1,0.02437571270493588,0.12746145612627213,0.10308574342133625
S17_AC05_F00091,17,5,91,1,0.77310413,0.62803328,1.0,1.0,0.22689587,0.37196672,0.27310413,0.12803328000000003,0.536204239910559,0.46379576008944096,0.6808243838439302,0.3191756161560699,0.700568705,0.7058208848574287,0.7268010520649653,1,1,1,0.0052521798574286516,0.026232347064965245,0.020980167207536593
S17_AC05_F00121,17,5,121,1,0.79160595,0.66793746,1.0,1.0,0.20839405,0.33206254,0.29160595,0.16793745999999998,0.5308777790671587,0.4691222209328413,0.6345558301010127,0.3654441698989873,0.729771705,0.7335903133117891,0.7464120213292887,1,1,1,0.003818608311789151,0.01664031632928875,0.0128217080174996
S17_AC06_F00001,17,6,1,1,0.38849428,0.56277633,0.0,1.0,0.61150572,0.43722366999999995,0.11150571999999997,0.06277633000000005,0.5121799374360073,0.4878200625639926,0.6398003695733436,0.3601996304266563,0.47563530500000006,0.47351256053478086,0.45127061,0,0,0,0.0021227444652192062,0.024364695000000047,0.02224195053478084
S17_AC06_F00031,17,6,31,1,0.71708834,0.63508642,1.0,1.0,0.28291166,0.36491357999999996,0.21708834,0.13508642000000004,0.5204890000791662,0.47951099992083374,0.6164221990241435,0.3835778009758565,0.67608738,0.6777675173453718,0.6856342238506019,1,1,1,0.0016801373453717572,0.009546843850601894,0.007866706505230137
S17_AC06_F00061,17,6,61,1,0.80380869,0.70220178,1.0,1.0,0.19619131,0.29779822,0.30380869,0.20220178,0.5253798961612933,0.4746201038387066,0.6004000075334409,0.39959999246655903,0.753005235,0.7555840078250698,0.7632065695294497,1,1,1,0.002578772825069797,0.010201334529449602,0.007622561704379804
S17_AC06_F00091,17,6,91,1,0.53945589,0.67844021,1.0,1.0,0.46054410999999995,0.32155979,0.03945589000000005,0.17844021,0.46530974363335875,0.5346902563666414,0.18107662321629456,0.8189233767837054,0.60894805,0.6137694516917434,0.653273398654387,1,1,1,0.004821401691743388,0.04432534865438709,0.0395039469626437
S17_AC06_F00121,17,6,121,1,0.59974015,0.66276675,1.0,1.0,0.40025985,0.33723325000000004,0.09974015000000003,0.16276674999999996,0.48424856384263676,0.5157514361573632,0.3799524888679118,0.6200475111320882,0.63125345,0.6322462094661156,0.6388196364651176,1,1,1,0.0009927594661156558,0.007566186465117641,0.006573426999001986
S17_AC06_F00151,17,6,151,1,0.60345668,0.67471862,1.0,1.0,0.39654332000000003,0.32528137999999995,0.10345667999999997,0.17471862000000005,0.48219205048478553,0.5178079495152145,0.3719118124434483,0.6280881875565517,0.63908765,0.6403566790298763,0.6482154627363638,1,1,1,0.0012690290298762452,0.00912781273636376,0.007858783706487515
S17_AC07_F00001,17,7,1,1,0.75631458,0.70511985,1.0,1.0,0.24368542000000004,0.29488015,0.25631457999999996,0.20511985,0.5127958878931177,0.4872041121068824,0.5554734613106351,0.44452653868936487,0.730717215,0.7313722970257985,0.7335571638739634,1,1,1,0.000655082025798559,0.002839948873963438,0.002184866848164879
S17_AC07_F00031,17,7,31,1,0.83918464,0.81250691,1.0,1.0,0.16081535999999996,0.18749309000000003,0.33918464000000004,0.31250690999999997,0.5066690369745135,0.49333096302548657,0.5204680649917895,0.4795319350082105,0.825845775,0.8260236897677662,0.8263918165114734,1,1,1,0.0001779147677661852,0.0005460415114734163,0.0003681267437072311
S17_AC07_F00061,17,7,61,1,0.89538634,0.81077564,1.0,1.0,0.10461366000000005,0.18922435999999998,0.39538633999999995,0.31077564,0.5211400647461105,0.4788599352538895,0.5599088469758736,0.4400911530241263,0.85308099,0.8548696656762137,0.8581499194788216,1,1,1,0.001788675676213658,0.005068929478821538,0.00328025380260788
S17_AC07_F00091,17,7,91,1,0.82676345,0.77766943,1.0,1.0,0.17323655000000004,0.22233057,0.32676344999999996,0.27766943,0.5122710404372142,0.4877289595627859,0.5406116391285662,0.45938836087143375,0.80221644,0.8028188747046454,0.8042102286236106,1,1,1,0.0006024347046453826,0.0019937886236105484,0.0013913539189651658
S17_AC07_F00121,17,7,121,1,0.80896157,0.7908892,1.0,1.0,0.19103842999999998,0.20911080000000004,0.30896157,0.29088919999999996,0.5045179695326237,0.4954820304673762,0.5150640550148832,0.48493594498511683,0.799925385,0.8000070354170423,0.8001976281759293,1,1,1,8.165041704233378e-05,0.000272243175929332,0.00019059275888699823
S17_AC07_F00151,17,7,151,1,0.82523507,0.79596567,1.0,1.0,0.17476493000000004,0.20403433000000004,0.32523506999999996,0.29596566999999996,0.5073168276482936,0.4926831723517064,0.5235587291798783,0.47644127082012167,0.81060037,0.8108145291551689,0.8112899198678575,1,1,1,0.00021415915516898032,0.0006895498678575196,0.0004753907126885393
S17_AC07_F00181,17,7,181,1,0.8258338,0.80146885,1.0,1.0,0.17416620000000005,0.19853115,0.32583379999999995,0.30146885,0.5060909361788924,0.4939090638211075,0.5194204105466476,0.48057958945335244,0.8136513249999999,0.8137997303554518,0.8141245023319486,1,1,1,0.00014840535545190825,0.00047317733194862654,0.0003247719764967183
S17_AC08_F00001,17,8,1,1,0.85530758,0.66982931,1.0,1.0,0.14469242000000004,0.33017069,0.35530757999999996,0.16982931,0.5462370886867548,0.45376291131324525,0.6765999242597487,0.3234000757402513,0.762568445,0.7711444202194558,0.7953238934338291,1,1,1,0.008575975219455856,0.03275544843382916,0.024179473214373304
S17_AC08_F00031,17,8,31,1,0.75391948,0.61759967,1.0,1.0,0.24608052000000002,0.38240032999999995,0.25391948,0.11759967000000005,0.5340272744861237,0.46597272551387625,0.6834626963374565,0.31653730366254346,0.6857595750000001,0.6903981665927663,0.7107691749068097,1,1,1,0.00463859159276625,0.02500959990680962,0.02037100831404337
S17_AC08_F00061,17,8,61,1,0.61513186,0.72148842,1.0,1.0,0.38486814,0.27851158,0.11513185999999997,0.22148842000000002,0.4734358957514529,0.526564104248547,0.3420229464487403,0.6579770535512597,0.66831014,0.6711354067473568,0.6851120359746478,1,1,1,0.002825266747356836,0.016801895974647763,0.013976629227290926
S17_AC08_F00091,17,8,91,1,0.39037535,0.65316689,0.0,1.0,0.60962465,0.34683310999999994,0.10962464999999999,0.15316689000000006,0.4891161595259461,0.5108838404740539,0.41715441067851716,0.5828455893214828,0.52177112,0.5246313011992909,0.5435422400000001,1,1,1,0.0028601811992908788,0.021771120000000033,0.018910938800709154
S17_AC08_F00121,17,8,121,1,0.65108252,0.56818295,1.0,1.0,0.34891748,0.43181705000000004,0.15108252,0.06818294999999996,0.5207130316110622,0.47928696838893786,0.6890392728047878,0.31096072719521217,0.6096327349999999,0.6113498364139535,0.6253040094286296,1,1,1,0.0017171014139535368,0.0156712744286297,0.013954173014676163
S17_AC09_F00001,17,9,1,1,0.91048431,0.73517615,1.0,1.0,0.08951569000000004,0.26482384999999997,0.41048430999999996,0.23517615000000003,0.5437151393684878,0.4562848606315123,0.6357587856626685,0.3642412143373315,0.82283023,0.8304938506468332,0.8466298529183567,1,1,1,0.007663620646833236,0.02379962291835669,0.016136002271523453
S17_AC09_F00031,17,9,31,1,0.76742828,0.7541483,1.0,1.0,0.23257172000000004,0.2458517,0.26742827999999996,0.2541483,0.5033199462085902,0.4966800537914098,0.5127306137863782,0.4872693862136218,0.76078829,0.7608323788192511,0.7609573522964708,1,1,1,4.408881925110908e-05,0.00016906229647073445,0.00012497347721962537
S17_AC09_F00061,17,9,61,1,0.7016983,0.71179575,1.0,1.0,0.2983017,0.28820425000000005,0.2016983,0.21179574999999995,0.4974756589481317,0.5025243410518682,0.4877900903289903,0.5122099096710098,0.706747025,0.7067725144075541,0.7068703139524075,1,1,1,2.5489407554091237e-05,0.0001232889524075409,9.779954485344966e-05
S17_AC09_F00091,17,9,91,1,0.8959837,0.7010783,1.0,1.0,0.10401629999999995,0.29892169999999996,0.39598370000000005,0.20107830000000004,0.5485726818810902,0.4514273181189099,0.6632204025712573,0.33677959742874275,0.7985310000000001,0.8079980779911068,0.830343537851312,1,1,1,0.009467077991106687,0.031812537851311884,0.022345459860205197
S17_AC09_F00121,17,9,121,1,0.87345159,0.77049667,1.0,1.0,0.12654840999999994,0.22950333,0.37345159000000006,0.27049667,0.5257160188048609,0.4742839811951392,0.5799403666375308,0.42005963336246915,0.8219741300000001,0.824621720658773,0.8302043840519377,1,1,1,0.002647590658772958,0.008230254051937669,0.005582663393164711
S17_AC09_F00151,17,9,151,1,0.88988173,0.75048018,1.0,1.0,0.11011826999999996,0.24951981999999995,0.38988173000000004,0.25048018000000005,0.534794060262321,0.46520593973767904,0.6088459102759562,0.39115408972404375,0.8201809550000001,0.825031300931361,0.8353542436036293,1,1,1,0.004850345931360911,0.01517328860362921,0.010322942672268298
S21_AC01_F00001,21,1,1,0,0.35596281,0.45212677,0.0,0.0,0.6440371899999999,0.54787323,0.14403718999999998,0.04787322999999999,0.5240224805141228,0.47597751948587713,0.7505438735426664,0.24945612645733356,0.40404479000000004,0.4017346931447391,0.37995149896639796,0,0,0,0.002310096855260957,0.024093291033602082,0.021783194178341125
S21_AC01_F00031,21,1,31,0,0.39722967,0.42243019,0.0,0.0,0.60277033,0.57756981,0.10277033000000002,0.07756981000000002,0.5062997966045336,0.4937002033954665,0.5698694145407672,0.4301305854592328,0.40982993,0.40967117184967156,0.4080691844214771,0,0,0,0.00015875815032845297,0.0017607455785229043,0.0016019874281944513
S21_AC01_F00061,21,1,61,0,0.40723246,0.31023553,0.0,0.0,0.59276754,0.6897644700000001,0.09276753999999998,0.18976447000000002,0.4757697618450907,0.5242302381549093,0.3283434680551771,0.6716565319448229,0.358733995,0.3563837362858049,0.34208383838690526,0,0,0,0.0023502587141951414,0.01665015661309477,0.014299897898899627
S21_AC01_F00091,21,1,91,0,0.42418247,0.39977795,0.0,0.0,0.57581753,0.60022205,0.07581753000000002,0.10022205000000001,0.49389917279152,0.50610082720848,0.4306845653687654,0.5693154346312346,0.41198020999999996,0.4118313222403741,0.41028860008923335,0,0,0,0.00014888775962584866,0.0016916099107666116,0.001542722151140763
S21_AC01_F00121,21,1,121,0,0.23679645,0.32907563,0.0,0.0,0.7632035500000001,0.67092437,0.26320355,0.17092437,0.523053438126964,0.476946561873036,0.6062810933698989,0.39371890663010106,0.28293604,0.28080868763346306,0.2731285078543223,0,0,0,0.0021273523665369387,0.0098075321456777,0.007680179779140761
S21_AC05_F00001,21,5,1,1,0.78082114,0.61976689,1.0,1.0,0.21917885999999998,0.38023311000000004,0.28082114,0.11976688999999996,0.5401767563826735,0.4598232436173264,0.7010222946501922,0.2989777053498078,0.700294015,0.7067646523666441,0.7326695098981656,1,1,1,0.006470637366644105,0.0323754948981656,0.025904857531521497
S21_AC05_F00031,21,5,31,1,0.94344729,0.73006284,1.0,1.0,0.05655270999999995,0.26993716,0.44344729000000005,0.23006284,0.5531446128985873,0.44685538710141276,0.6584122053219897,0.3415877946780102,0.836755065,0.848095298993828,0.8705577663059199,1,1,1,0.011340233993827997,0.03380270130591989,0.022462467312091894
S21_AC05_F00061,21,5,61,1,0.85507262,0.51347482,1.0,1.0,0.14492738000000005,0.48652518,0.35507261999999995,0.013474819999999998,0.584578595372544,0.415421404627456,0.9634380312070544,0.036561968792945626,0.68427372,0.7131655821063512,0.8425831318966611,1,1,1,0.028891862106351196,0.15830941189666115,0.12941754979030995
S21_AC05_F00091,21,5,91,1,0.71953237,0.6379385,1.0,1.0,0.28046762999999997,0.36206150000000004,0.21953237000000003,0.13793849999999996,0.5203871580281578,0.47961284197184223,0.6141266000219823,0.3858733999780177,0.678735435,0.680398902121819,0.6880474659657356,1,1,1,0.0016634671218189734,0.00931203096573563,0.007648563843916656
S21_AC05_F00121,21,5,121,1,0.88110602,0.80188239,1.0,1.0,0.11889397999999995,0.19811761000000006,0.38110602000000005,0.30188238999999994,0.5197955548749865,0.48020444512501337,0.5579977850575826,0.4420022149424175,0.841494205,0.8430624807150605,0.8460890000642215,1,1,1,0.0015682757150604631,0.004594795064221446,0.003026519349160983
S21_AC06_F00001,21,6,1,1,0.8231011,0.6332407,1.0,1.0,0.17689889999999997,0.3667593,0.32310110000000003,0.1332407,0.5473230310015474,0.4526769689984525,0.7080243361445303,0.2919756638554697,0.7281709000000001,0.7371556695951662,0.767666483670135,1,1,1,0.008984769595166142,0.03949558367013495,0.030510814074968806
S21_AC06_F00031,21,6,31,1,0.86934805,0.64082909,1.0,1.0,0.13065194999999996,0.35917091,0.36934805000000004,0.14082909,0.5568824175186297,0.44311758248137034,0.7239604071636766,0.27603959283632346,0.7550885700000001,0.7680872808936431,0.8062677693262199,1,1,1,0.012998710893643017,0.05117919932621984,0.03818048843257682
S21_AC06_F00061,21,6,61,1,0.85359955,0.57425463,1.0,1.0,0.14640045000000002,0.42574537,0.35359955,0.07425462999999999,0.5693856150384398,0.4306143849615602,0.826448744756917,0.17355125524308304,0.71392709,0.7333096090820637,0.8051188884882213,1,1,1,0.019382519082063676,0.09119179848822134,0.07180927940615767
S21_AC06_F00091,21,6,91,1,0.86642766,0.73516399,1.0,1.0,0.13357233999999996,0.26483601,0.36642766000000004,0.23516399,0.5327688799434451,0.46723112005655476,0.6090969846406612,0.3909030153593388,0.800795825,0.8050971884431659,0.8151162955898669,1,1,1,0.004301363443165895,0.014320470589866852,0.010019107146700956
S21_AC06_F00121,21,6,121,1,0.87138307,0.74920356,1.0,1.0,0.12861692999999996,0.25079644,0.37138307000000004,0.24920356,0.5305069367346619,0.46949306326533824,0.5984387224068943,0.4015612775931057,0.810293315,0.8140206375818422,0.8223205098687003,1,1,1,0.003727322581842163,0.012027194868700297,0.008299872286858134
S21_AC07_F00001,21,7,1,1,0.86939448,0.5542326,1.0,1.0,0.13060552000000003,0.44576740000000004,0.36939447999999997,0.054232599999999964,0.5781447148478376,0.4218552851521623,0.8719803276032307,0.12801967239676929,0.71181354,0.7364417752435083,0.82904755937045,1,1,1,0.024628235243508323,0.11723401937045008,0.09260578412694176
S21_AC07_F00031,21,7,31,1,0.98062378,0.5454492,1.0,1.0,0.019376220000000055,0.45455080000000003,0.48062377999999994,0.04544919999999997,0.6071086310233322,0.3928913689766679,0.9136066634709124,0.08639333652908761,0.76303649,0.8096474435199537,0.9430275960611556,1,1,1,0.0466109535199537,0.17999110606115565,0.13338015254120195
S21_AC07_F00061,21,7,61,1,0.9555831,0.60749578,1.0,1.0,0.04441689999999998,0.39250421999999996,0.4555831,0.10749578000000004,0.5861536822866944,0.41384631771330554,0.8090928574696319,0.19090714253036808,0.78153944,0.811528444375307,0.8891307443877462,1,1,1,0.02998900437530705,0.10759130438774622,0.07760230001243917
S21_AC07_F00091,21,7,91,1,0.87563723,0.60700303,1.0,1.0,0.12436276999999996,0.39299697,0.37563723000000004,0.10700303,0.5667575723804118,0.43324242761958826,0.7782965101170798,0.22170348988292024,0.7413201300000001,0.759253497050354,0.8160800903580937,1,1,1,0.017933367050353977,0.07475996035809362,0.05682659330773965
S21_AC07_F00121,21,7,121,1,0.95272517,0.607265,1.0,1.0,0.04727482999999999,0.39273499999999995,0.45272517,0.10726500000000005,0.5855162507857691,0.414483749214231,0.8084519947912656,0.19154800520873436,0.779995085,0.8095375435342145,0.8865529635574299,1,1,1,0.029542458534214444,0.10655787855742982,0.07701542002321538
S21_AC07_F00151,21,7,151,1,0.8442651,0.6420908,1.0,1.0,0.1557349,0.35790920000000004,0.3442651,0.14209079999999996,0.5503721140773897,0.44962788592261027,0.707846044429604,0.29215395557039603,0.74317795,0.7533618969031164,0.785199078540324,1,1,1,0.010183946903116414,0.042021128540324026,0.03183718163720761
S21_AC08_F00001,21,8,1,1,0.93031681,0.55922794,1.0,1.0,0.06968319,0.44077206,0.43031681,0.05922793999999998,0.5917220615875401,0.40827793841245985,0.8790142474206903,0.12098575257930962,0.7447723749999999,0.7788094111885907,0.8854203437892444,1,1,1,0.034037036188590775,0.14064796878924446,0.10661093260065369
S21_AC08_F00031,21,8,31,1,0.93454355,0.62333941,1.0,1.0,0.06545645,0.37666058999999996,0.43454355,0.12333941000000004,0.5771791508030316,0.4228208491969685,0.7789152584979473,0.22108474150205273,0.7789414800000001,0.8029599512515878,0.8657410631537313,1,1,1,0.024018471251587736,0.08679958315373126,0.06278111190214353
S21_AC08_F00061,21,8,61,1,0.56070632,0.46520996,1.0,0.0,0.43929368,0.5347900400000001,0.06070631999999998,0.03479004000000002,0.5064787073834811,0.49352129261651895,0.6356925017875025,0.3643074982124975,0.51295814,0.5135768329726276,0.5259162799999999,1,1,1,0.0006186929726276214,0.012958139999999951,0.01233944702737233
S21_AC08_F00091,21,8,91,1,0.87067139,0.55187696,1.0,1.0,0.12932860999999995,0.44812304000000003,0.37067139000000005,0.05187695999999997,0.5790304174373402,0.42096958256265987,0.8772283455845942,0.12277165441540588,0.711274175,0.7364686318795989,0.8315324704104838,1,1,1,0.02519445687959887,0.12025829541048383,0.09506383853088496
S21_AC08_F00121,21,8,121,1,0.80759311,0.49219844,1.0,0.0,0.19240689,0.50780156,0.30759311,0.007801559999999985,0.5743915586860266,0.4256084413139733,0.9752641349329081,0.024735865067091925,0.6498957750000001,0.673358476102565,0.79979155,1,1,1,0.023462701102564987,0.14989577499999995,0.12643307389743497
S21_AC08_F00151,21,8,151,1,0.80734479,0.5001353,1.0,1.0,0.19265520999999997,0.49986470000000005,0.30734479000000003,0.00013529999999994935,0.576203983569468,0.423796016430532,0.9995599715090497,0.00044002849095025747,0.6537400449999999,0.6771506319283447,0.8072096090717097,1,1,1,0.023410586928344745,0.15346956407170975,0.130058977143365
S21_AC08_F00181,21,8,181,1,0.93380827,0.55965221,1.0,1.0,0.06619173,0.44034779,0.43380827,0.05965220999999998,0.5924628460276936,0.4075371539723064,0.8791145138917711,0.12088548610822894,0.74673024,0.7813257741661085,0.8885782328065603,1,1,1,0.0345955341661085,0.14184799280656035,0.10725245864045185
S21_AC09_F00001,21,9,1,1,0.91780728,0.48098692,1.0,0.0,0.08219272,0.51901308,0.41780728,0.019013080000000016,0.5983979192618825,0.4016020807381175,0.9564739152726306,0.04352608472736943,0.6993971,0.7423793145152264,0.8987942,1,1,1,0.042982214515226436,0.1993971,0.15641488548477356
S21_AC09_F00031,21,9,31,1,0.90601879,0.57113099,1.0,1.0,0.09398121000000004,0.42886901,0.40601878999999996,0.07113099,0.5829481764359735,0.4170518235640264,0.8509252377733465,0.14907476222665347,0.73857489,0.7663532223206551,0.8560954708423929,1,1,1,0.027778332320655075,0.11752058084239292,0.08974224852173784
S21_AC09_F00061,21,9,61,1,0.85073382,0.67753643,1.0,1.0,0.14926618000000003,0.32246357000000003,0.35073382,0.17753642999999997,0.5431914324489031,0.45680856755109694,0.6639287750919156,0.33607122490808444,0.7641351249999999,0.7716157683705114,0.7925271609918169,1,1,1,0.007480643370511464,0.028392035991816944,0.02091139262130548
S21_AC09_F00091,21,9,91,1,0.82252711,0.55234784,1.0,1.0,0.17747289,0.44765215999999997,0.32252711,0.052347840000000034,0.5671369149596382,0.4328630850403617,0.8603591944460411,0.1396408055539588,0.6874374750000001,0.7055764776738471,0.7847990590932193,1,1,1,0.01813900267384705,0.09736158409321927,0.07922258141937222
S21_AC09_F00121,21,9,121,1,0.81264764,0.61032385,1.0,1.0,0.18735236,0.38967615,0.31264764,0.11032385,0.5504091069903264,0.44959089300967353,0.7391695359892932,0.26083046401070675,0.7114857450000001,0.7216847065767984,0.7598754319738952,1,1,1,0.010198961576798338,0.04838968697389512,0.03819072539709678
S42_AC01_F00001,42,1,1,0,0.55914545,0.42966807,1.0,0.0,0.44085454999999996,0.57033193,0.059145450000000044,0.07033192999999999,0.4972034091630994,0.5027965908369004,0.45680141195319235,0.5431985880468077,0.49440676000000006,0.494044664745506,0.48881352000000006,0,0,0,0.00036209525449404367,0.005593239999999999,0.005231144745505956
S42_AC01_F00031,42,1,31,0,0.64733189,0.43531716,1.0,0.0,0.35266811,0.56468284,0.14733189000000002,0.06468284000000002,0.5206505087674714,0.4793494912325287,0.694913461908991,0.3050865380910091,0.5413245250000001,0.5457027370406982,0.58264905,1,1,1,0.004378212040698104,0.041324524999999945,0.03694631295930184
S42_AC01_F00061,42,1,61,0,0.38091654,0.38817513,0.0,0.0,0.6190834599999999,0.61182487,0.11908345999999997,0.11182487000000002,0.5018146395326614,0.4981853604673385,0.5157174710847373,0.4842825289152627,0.384545835,0.38453266327563457,0.384431748321559,0,0,0,1.3171724365435011e-05,0.0001140866784409833,0.00010091495407554829
S42_AC01_F00091,42,1,91,0,0.376333,0.3991816,0.0,0.0,0.623667,0.6008184,0.12366700000000003,0.10081839999999997,0.5057119015065906,0.4942880984934093,0.5508910601758512,0.4491089398241488,0.38775729999999997,0.3876267910472365,0.3865945105224661,0,0,0,0.00013050895276345287,0.0011627894775338987,0.0010322805247704459
S42_AC05_F00001,42,5,1,1,0.62730879,0.56106818,1.0,1.0,0.37269121000000005,0.43893182,0.12730878999999995,0.06106818000000003,0.5165540999105804,0.48344590008941957,0.6758192893749165,0.32418071062508347,0.594188485,0.5952850386760777,0.605834861977961,1,1,1,0.0010965536760777495,0.011646376977961004,0.010549823301883254
S42_AC05_F00031,42,5,31,1,0.88013792,0.53957301,1.0,1.0,0.11986207999999998,0.46042699,0.38013792,0.03957301000000002,0.5843277397986929,0.4156722602013071,0.9057136539189008,0.09428634608109923,0.709855465,0.7385745341150453,0.8480272990326617,1,1,1,0.028719069115045293,0.13817183403266176,0.10945276491761646
S42_AC05_F00061,42,5,61,1,0.81346273,0.61251754,1.0,1.0,0.18653726999999998,0.38748246,0.31346273,0.11251754000000003,0.5500679364652816,0.44993206353471843,0.7358620858191389,0.264137914180861,0.7129901350000001,0.7230510460059241,0.7603854866487231,1,1,1,0.01006091100592399,0.047395351648722994,0.037334440642799005
S42_AC06_F00001,42,6,1,1,0.7497164,0.47613537,1.0,0.0,0.25028360000000005,0.52386463,0.24971639999999995,0.023864629999999998,0.5562241505241863,0.4437758494758139,0.9127694270322764,0.08723057296772369,0.612925885,0.628307746011282,0.72585177,1,1,1,0.015381861011282028,0.112925885,0.09754402398871798
S42_AC06_F00031,42,6,31,1,0.75782013,0.44633242,1.0,0.0,0.24217986999999996,0.5536675799999999,0.25782013000000004,0.05366757999999999,0.5508616081279473,0.4491383918720527,0.827705626010092,0.17229437398990793,0.602076275,0.6179190408426917,0.7041525500000001,1,1,1,0.01584276584269162,0.10207627500000005,0.08623350915730843
S42_AC06_F00061,42,6,61,1,0.49517342,0.5094862,0.0,1.0,0.50482658,0.4905138,0.004826580000000025,0.0094862,0.4988350971077026,0.5011649028922975,0.3372216997676214,0.6627783002323786,0.50232981,0.5023464829988189,0.50465962,1,1,1,1.667299881891182e-05,0.0023298099999999877,0.002313137001181076
S42_AC07_F00001,42,7,1,1,0.69892615,0.66110742,1.0,1.0,0.30107385,0.33889258,0.19892615000000002,0.16110742,0.5094535557761853,0.49054644422381466,0.5525211162947944,0.44747888370520555,0.6800167850000001,0.6803743064734395,0.6820030669164514,1,1,1,0.0003575214734394816,0.001986281916451338,0.0016287604430118563
S42_AC07_F00031,42,7,31,1,0.74435043,0.61112404,1.0,1.0,0.25564957,0.38887596,0.24435043,0.11112403999999998,0.5332574207978121,0.46674257920218787,0.6873923463476858,0.3126076536523143,0.6777372349999999,0.6821680011136033,0.7027028408175319,1,1,1,0.004430766113603379,0.024965605817531933,0.020534839703928554
S42_AC07_F00061,42,7,61,1,0.73667717,0.5836584,1.0,1.0,0.26332283,0.4163416,0.23667717,0.08365840000000002,0.5381802232105233,0.4618197767894768,0.7388413656341691,0.26115863436583087,0.6601677850000001,0.6660100757939997,0.6967149969944608,1,1,1,0.0058422907939996715,0.03654721199446076,0.03070492120046109
S42_AC07_F00091,42,7,91,1,0.70964152,0.54077822,1.0,1.0,0.29035848,0.45922178,0.20964152000000003,0.040778219999999976,0.5421157955223995,0.45788420447760037,0.8371605209717095,0.16283947902829057,0.62520987,0.6323216822140375,0.682143908201002,1,1,1,0.007111812214037561,0.05693403820100207,0.04982222598696451
S42_AC07_F00121,42,7,121,1,0.78954935,0.56699818,1.0,1.0,0.21045064999999996,0.43300182,0.28954935000000004,0.06699818000000002,0.5554092837548544,0.44459071624514557,0.8120918689297889,0.18790813107021107,0.678273765,0.6906051659285048,0.7477301755778112,1,1,1,0.012331400928504821,0.06945641057781116,0.057125009649306335
S42_AC08_F00001,42,8,1,1,0.7442826,0.62582988,1.0,1.0,0.2557174,0.37417012000000005,0.24428260000000002,0.12582987999999995,0.5295786031876848,0.4704213968123153,0.6600225963739457,0.33997740362605433,0.68505624,0.688559906001382,0.704011351801956,1,1,1,0.0035036660013819665,0.01895511180195597,0.015451445800574004
S42_AC08_F00031,42,8,31,1,0.70481229,0.51624006,1.0,1.0,0.29518771,0.48375994,0.20481229,0.01624006,0.5470038539057341,0.4529961460942659,0.9265329683217572,0.07346703167824273,0.610526175,0.6193897965495985,0.6909584480049531,1,1,1,0.008863621549598522,0.08043227300495315,0.07156865145535463
S42_AC08_F00061,42,8,61,1,0.64220446,0.57658029,1.0,1.0,0.35779554,0.42341971,0.14220445999999998,0.07658029,0.5164001572726534,0.4835998427273465,0.6499742783717787,0.3500257216282214,0.609392375,0.6104686217088873,0.6192343125394969,1,1,1,0.0010762467088872851,0.009841937539496914,0.00876569083060963
S42_AC08_F00091,42,8,91,1,0.41831329,0.60030019,0.0,1.0,0.58168671,0.39969981,0.08168671,0.10030019000000001,0.49534676434652797,0.504653235653472,0.4488603850057339,0.5511396149942661,0.50930674,0.5101535679315448,0.51861348,1,1,1,0.0008468279315447802,0.00930673999999998,0.0084599120684552
S42_AC08_F00121,42,8,121,1,0.58026803,0.47252995,1.0,0.0,0.41973196999999995,0.52747005,0.08026803000000005,0.027470050000000024,0.5131964295824725,0.48680357041752753,0.7450293341035964,0.2549706658964036,0.52639899,0.5278207479860708,0.55279798,1,1,1,0.001421757986070804,0.02639899000000001,0.024977232013929207
S42_AC09_F00001,42,9,1,1,0.83714819,0.50220543,1.0,1.0,0.16285181000000004,0.49779457000000005,0.33714818999999996,0.0022054299999999527,0.5829615382282735,0.41703846177172665,0.9935010859763336,0.0064989140236663846,0.6696768099999999,0.6974641765880234,0.8349714257999105,1,1,1,0.0277873665880235,0.16529461579991056,0.13750724921188706
S42_AC09_F00031,42,9,31,1,0.75751603,0.39039114,1.0,0.0,0.24248397,0.60960886,0.25751603,0.10960885999999997,0.5369095293159236,0.46309047068407627,0.7014398560664193,0.2985601439335807,0.573953585,0.5875039918900602,0.6479071700000001,1,1,1,0.013550406890060152,0.07395358500000004,0.06040317810993989
S42_AC09_F00061,42,9,61,1,0.95560104,0.4947843,1.0,0.0,0.04439895999999999,0.5052156999999999,0.45560104,0.00521569999999999,0.6107308480798491,0.3892691519201509,0.9886816177728266,0.011318382227173409,0.72519267,0.7762192984295914,0.95038534,1,1,1,0.05102662842959138,0.22519266999999998,0.1741660415704086
S42_AC09_F00091,42,9,91,1,0.77789277,0.5499379,1.0,1.0,0.22210723,0.4500621,0.27789277,0.04993789999999998,0.5567432157306997,0.4432567842693002,0.8476716653752988,0.15232833462470116,0.663915335,0.6768502273652736,0.7431687842833098,1,1,1,0.012934892365273565,0.0792534492833098,0.06631855691803623
S42_AC09_F00121,42,9,121,1,0.72643834,0.40319306,1.0,0.0,0.27356166000000004,0.59680694,0.22643833999999996,0.09680694000000001,0.5323625435303764,0.4676374564696236,0.7005155342098112,0.29948446579018884,0.5648157,0.5752767394449887,0.6296314,1,1,1,0.010461039444988662,0.06481569999999992,0.05435466055501126
