split,method,threshold,accuracy,precision_macro,recall_macro,macro_f1,safe_to_phone,phone_to_safe,confusion_matrix
validation,average_fusion,0.01,0.84889,0.42444,0.5,0.45913,34,0,"[[0, 34], [0, 191]]"
validation,average_fusion,0.02,0.84889,0.42444,0.5,0.45913,34,0,"[[0, 34], [0, 191]]"
validation,average_fusion,0.03,0.84889,0.42444,0.5,0.45913,34,0,"[[0, 34], [0, 191]]"
validation,average_fusion,0.04,0.84889,0.42444,0.5,0.45913,34,0,"[[0, 34], [0, 191]]"
validation,average_fusion,0.05,0.84889,0.42444,0.5,0.45913,34,0,"[[0, 34], [0, 191]]"
validation,average_fusion,0.06,0.84889,0.42444,0.5,0.45913,34,0,"[[0, 34], [0, 191]]"
validation,average_fusion,0.07,0.84889,0.42444,0.5,0.45913,34,0,"[[0, 34], [0, 191]]"
validation,average_fusion,0.08,0.84889,0.42444,0.5,0.45913,34,0,"[[0, 34], [0, 191]]"
validation,average_fusion,0.09,0.84889,0.42444,0.5,0.45913,34,0,"[[0, 34], [0, 191]]"
validation,average_fusion,0.1,0.84889,0.42444,0.5,0.45913,34,0,"[[0, 34], [0, 191]]"
validation,average_fusion,0.11,0.84889,0.42444,0.5,0.45913,34,0,"[[0, 34], [0, 191]]"
validation,average_fusion,0.12,0.84889,0.42444,0.5,0.45913,34,0,"[[0, 34], [0, 191]]"
validation,average_fusion,0.13,0.84889,0.42444,0.5,0.45913,34,0,"[[0, 34], [0, 191]]"
validation,average_fusion,0.14,0.84889,0.42444,0.5,0.45913,34,0,"[[0, 34], [0, 191]]"
validation,average_fusion,0.15,0.84889,0.42444,0.5,0.45913,34,0,"[[0, 34], [0, 191]]"
validation,average_fusion,0.16,0.85333,0.92634,0.51471,0.48881,33,0,"[[1, 33], [0, 191]]"
validation,average_fusion,0.17,0.85778,0.92825,0.52941,0.51691,32,0,"[[2, 32], [0, 191]]"
validation,average_fusion,0.18,0.86222,0.93018,0.54412,0.54355,31,0,"[[3, 31], [0, 191]]"
validation,average_fusion,0.19,0.85778,0.80486,0.5415,0.54011,31,1,"[[3, 31], [1, 190]]"
validation,average_fusion,0.2,0.86222,0.83182,0.55621,0.56485,30,1,"[[4, 30], [1, 190]]"
validation,average_fusion,0.21,0.87111,0.82639,0.59771,0.62716,27,2,"[[7, 27], [2, 189]]"
validation,average_fusion,0.22,0.88,0.85068,0.62712,0.66667,25,2,"[[9, 25], [2, 189]]"
validation,average_fusion,0.23,0.88444,0.86033,0.64182,0.68521,24,2,"[[10, 24], [2, 189]]"
validation,average_fusion,0.24,0.89333,0.87644,0.67123,0.72015,22,2,"[[12, 22], [2, 189]]"
validation,average_fusion,0.25,0.89333,0.85601,0.68332,0.73,21,3,"[[13, 21], [3, 188]]"
validation,average_fusion,0.26,0.89778,0.86369,0.69803,0.74569,20,3,"[[14, 20], [3, 188]]"
validation,average_fusion,0.27,0.89333,0.84058,0.69541,0.73908,20,4,"[[14, 20], [4, 187]]"
validation,average_fusion,0.28,0.88889,0.81988,0.69279,0.73266,20,5,"[[14, 20], [5, 186]]"
validation,average_fusion,0.29,0.89333,0.82866,0.7075,0.74747,19,5,"[[15, 19], [5, 186]]"
validation,average_fusion,0.3,0.89333,0.82866,0.7075,0.74747,19,5,"[[15, 19], [5, 186]]"
validation,average_fusion,0.31,0.89333,0.82866,0.7075,0.74747,19,5,"[[15, 19], [5, 186]]"
validation,average_fusion,0.32,0.89333,0.82866,0.7075,0.74747,19,5,"[[15, 19], [5, 186]]"
validation,average_fusion,0.33,0.89333,0.82866,0.7075,0.74747,19,5,"[[15, 19], [5, 186]]"
validation,average_fusion,0.34,0.89333,0.82866,0.7075,0.74747,19,5,"[[15, 19], [5, 186]]"
validation,average_fusion,0.35,0.88889,0.81057,0.70488,0.74108,19,6,"[[15, 19], [6, 185]]"
validation,average_fusion,0.36,0.88889,0.81057,0.70488,0.74108,19,6,"[[15, 19], [6, 185]]"
validation,average_fusion,0.37,0.88889,0.81057,0.70488,0.74108,19,6,"[[15, 19], [6, 185]]"
validation,average_fusion,0.38,0.88889,0.81057,0.70488,0.74108,19,6,"[[15, 19], [6, 185]]"
validation,average_fusion,0.39,0.88444,0.79411,0.70226,0.73486,19,7,"[[15, 19], [7, 184]]"
validation,average_fusion,0.4,0.87556,0.76524,0.69703,0.72291,19,9,"[[15, 19], [9, 182]]"
validation,average_fusion,0.41,0.86667,0.74072,0.69179,0.71154,19,11,"[[15, 19], [11, 180]]"
validation,average_fusion,0.42,0.87556,0.76042,0.7212,0.73811,17,11,"[[17, 17], [11, 180]]"
validation,average_fusion,0.43,0.88,0.76779,0.748,0.75724,15,12,"[[19, 15], [12, 179]]"
validation,average_fusion,0.44,0.88,0.76779,0.748,0.75724,15,12,"[[19, 15], [12, 179]]"
validation,average_fusion,0.45,0.87556,0.75801,0.74538,0.75142,15,13,"[[19, 15], [13, 178]]"
validation,average_fusion,0.46,0.87556,0.75801,0.74538,0.75142,15,13,"[[19, 15], [13, 178]]"
validation,average_fusion,0.47,0.87111,0.74887,0.75485,0.7518,14,15,"[[20, 14], [15, 176]]"
validation,average_fusion,0.48,0.87111,0.74887,0.75485,0.7518,14,15,"[[20, 14], [15, 176]]"
validation,average_fusion,0.49,0.86222,0.73304,0.74962,0.74079,14,17,"[[20, 14], [17, 174]]"
validation,average_fusion,0.5,0.86667,0.74156,0.76432,0.75198,13,17,"[[21, 13], [17, 174]]"
validation,average_fusion,0.51,0.87111,0.74979,0.77903,0.76291,12,17,"[[22, 12], [17, 174]]"
validation,average_fusion,0.52,0.87111,0.74979,0.77903,0.76291,12,17,"[[22, 12], [17, 174]]"
validation,average_fusion,0.53,0.86222,0.73568,0.77379,0.752,12,19,"[[22, 12], [19, 172]]"
validation,average_fusion,0.54,0.86222,0.73568,0.77379,0.752,12,19,"[[22, 12], [19, 172]]"
validation,average_fusion,0.55,0.85778,0.72912,0.77117,0.74669,12,20,"[[22, 12], [20, 171]]"
validation,average_fusion,0.56,0.85778,0.72912,0.77117,0.74669,12,20,"[[22, 12], [20, 171]]"
validation,average_fusion,0.57,0.85333,0.725,0.78064,0.74666,11,22,"[[23, 11], [22, 169]]"
validation,average_fusion,0.58,0.84,0.70851,0.77279,0.73157,11,25,"[[23, 11], [25, 166]]"
validation,average_fusion,0.59,0.84,0.70851,0.77279,0.73157,11,25,"[[23, 11], [25, 166]]"
validation,average_fusion,0.6,0.83111,0.69857,0.76755,0.7219,11,27,"[[23, 11], [27, 164]]"
validation,average_fusion,0.61,0.82667,0.69735,0.77702,0.72214,10,29,"[[24, 10], [29, 162]]"
validation,average_fusion,0.62,0.82667,0.7008,0.78911,0.72688,9,30,"[[25, 9], [30, 161]]"
validation,average_fusion,0.63,0.81778,0.69251,0.78388,0.71762,9,32,"[[25, 9], [32, 159]]"
validation,average_fusion,0.64,0.80889,0.68476,0.77864,0.70859,9,34,"[[25, 9], [34, 157]]"
validation,average_fusion,0.65,0.79111,0.67063,0.76817,0.69116,9,38,"[[25, 9], [38, 153]]"
validation,average_fusion,0.66,0.76889,0.65516,0.75508,0.67039,9,43,"[[25, 9], [43, 148]]"
validation,average_fusion,0.67,0.76,0.65441,0.76193,0.66679,8,46,"[[26, 8], [46, 145]]"
validation,average_fusion,0.68,0.76444,0.66667,0.78873,0.67917,6,47,"[[28, 6], [47, 144]]"
validation,average_fusion,0.69,0.74667,0.65667,0.77826,0.66322,6,51,"[[28, 6], [51, 140]]"
validation,average_fusion,0.7,0.73778,0.65201,0.77302,0.65542,6,53,"[[28, 6], [53, 138]]"
validation,average_fusion,0.71,0.73333,0.64975,0.7704,0.65156,6,54,"[[28, 6], [54, 137]]"
validation,average_fusion,0.72,0.71556,0.64121,0.75993,0.63636,6,58,"[[28, 6], [58, 133]]"
validation,average_fusion,0.73,0.70667,0.64259,0.76678,0.63264,5,61,"[[29, 5], [61, 130]]"
validation,average_fusion,0.74,0.69778,0.63881,0.76155,0.62522,5,63,"[[29, 5], [63, 128]]"
validation,average_fusion,0.75,0.68,0.63731,0.76317,0.61407,4,68,"[[30, 4], [68, 123]]"
validation,average_fusion,0.76,0.66667,0.63239,0.75531,0.60317,4,71,"[[30, 4], [71, 120]]"
validation,average_fusion,0.77,0.65778,0.62924,0.75008,0.59597,4,73,"[[30, 4], [73, 118]]"
validation,average_fusion,0.78,0.64444,0.6247,0.74222,0.58525,4,76,"[[30, 4], [76, 115]]"
validation,average_fusion,0.79,0.63556,0.62179,0.73699,0.57815,4,78,"[[30, 4], [78, 113]]"
validation,average_fusion,0.8,0.62667,0.61897,0.73175,0.57108,4,80,"[[30, 4], [80, 111]]"
validation,average_fusion,0.81,0.60889,0.62625,0.74546,0.56288,2,86,"[[32, 2], [86, 105]]"
validation,average_fusion,0.82,0.58667,0.62028,0.73237,0.54512,2,91,"[[32, 2], [91, 100]]"
validation,average_fusion,0.83,0.56889,0.6227,0.73399,0.53346,1,96,"[[33, 1], [96, 95]]"
validation,average_fusion,0.84,0.54667,0.61764,0.7209,0.51558,1,101,"[[33, 1], [101, 90]]"
validation,average_fusion,0.85,0.51556,0.61107,0.70257,0.49039,1,108,"[[33, 1], [108, 83]]"
validation,average_fusion,0.86,0.47556,0.60333,0.67901,0.45754,1,117,"[[33, 1], [117, 74]]"
validation,average_fusion,0.87,0.44889,0.59852,0.6633,0.43522,1,123,"[[33, 1], [123, 68]]"
validation,average_fusion,0.88,0.38222,0.58723,0.62404,0.3773,1,138,"[[33, 1], [138, 53]]"
validation,average_fusion,0.89,0.32889,0.57826,0.59262,0.32804,1,150,"[[33, 1], [150, 41]]"
validation,average_fusion,0.9,0.29333,0.57168,0.57168,0.29333,1,158,"[[33, 1], [158, 33]]"
validation,average_fusion,0.91,0.24889,0.56126,0.5455,0.2474,1,168,"[[33, 1], [168, 23]]"
validation,average_fusion,0.92,0.22222,0.55193,0.5298,0.21827,1,174,"[[33, 1], [174, 17]]"
validation,average_fusion,0.93,0.17333,0.50426,0.501,0.16126,1,185,"[[33, 1], [185, 6]]"
validation,average_fusion,0.94,0.17333,0.57727,0.51309,0.15937,0,186,"[[34, 0], [186, 5]]"
validation,average_fusion,0.95,0.16444,0.57658,0.50785,0.14828,0,188,"[[34, 0], [188, 3]]"
validation,average_fusion,0.96,0.16,0.57623,0.50524,0.14266,0,189,"[[34, 0], [189, 2]]"
validation,average_fusion,0.97,0.15111,0.07556,0.5,0.13127,0,191,"[[34, 0], [191, 0]]"
validation,average_fusion,0.98,0.15111,0.07556,0.5,0.13127,0,191,"[[34, 0], [191, 0]]"
validation,average_fusion,0.99,0.15111,0.07556,0.5,0.13127,0,191,"[[34, 0], [191, 0]]"
test,average_fusion,0.01,0.81818,0.40909,0.5,0.45,40,0,"[[0, 40], [0, 180]]"
test,average_fusion,0.02,0.81818,0.40909,0.5,0.45,40,0,"[[0, 40], [0, 180]]"
test,average_fusion,0.03,0.81818,0.40909,0.5,0.45,40,0,"[[0, 40], [0, 180]]"
test,average_fusion,0.04,0.81818,0.40909,0.5,0.45,40,0,"[[0, 40], [0, 180]]"
test,average_fusion,0.05,0.81818,0.40909,0.5,0.45,40,0,"[[0, 40], [0, 180]]"
test,average_fusion,0.06,0.81818,0.40909,0.5,0.45,40,0,"[[0, 40], [0, 180]]"
test,average_fusion,0.07,0.81818,0.40909,0.5,0.45,40,0,"[[0, 40], [0, 180]]"
test,average_fusion,0.08,0.81818,0.40909,0.5,0.45,40,0,"[[0, 40], [0, 180]]"
test,average_fusion,0.09,0.81818,0.40909,0.5,0.45,40,0,"[[0, 40], [0, 180]]"
test,average_fusion,0.1,0.81818,0.40909,0.5,0.45,40,0,"[[0, 40], [0, 180]]"
test,average_fusion,0.11,0.81818,0.40909,0.5,0.45,40,0,"[[0, 40], [0, 180]]"
test,average_fusion,0.12,0.81818,0.40909,0.5,0.45,40,0,"[[0, 40], [0, 180]]"
test,average_fusion,0.13,0.82273,0.91096,0.5125,0.47552,39,0,"[[1, 39], [0, 180]]"
test,average_fusion,0.14,0.82273,0.91096,0.5125,0.47552,39,0,"[[1, 39], [0, 180]]"
test,average_fusion,0.15,0.82273,0.91096,0.5125,0.47552,39,0,"[[1, 39], [0, 180]]"
test,average_fusion,0.16,0.82273,0.91096,0.5125,0.47552,39,0,"[[1, 39], [0, 180]]"
test,average_fusion,0.17,0.82727,0.91284,0.525,0.49988,38,0,"[[2, 38], [0, 180]]"
test,average_fusion,0.18,0.82727,0.91284,0.525,0.49988,38,0,"[[2, 38], [0, 180]]"
test,average_fusion,0.19,0.82727,0.91284,0.525,0.49988,38,0,"[[2, 38], [0, 180]]"
test,average_fusion,0.2,0.82727,0.91284,0.525,0.49988,38,0,"[[2, 38], [0, 180]]"
test,average_fusion,0.21,0.84091,0.9186,0.5625,0.56681,35,0,"[[5, 35], [0, 180]]"
test,average_fusion,0.22,0.84545,0.92056,0.575,0.58729,34,0,"[[6, 34], [0, 180]]"
test,average_fusion,0.23,0.85909,0.92654,0.6125,0.64403,31,0,"[[9, 31], [0, 180]]"
test,average_fusion,0.24,0.85909,0.92654,0.6125,0.64403,31,0,"[[9, 31], [0, 180]]"
test,average_fusion,0.25,0.85909,0.92654,0.6125,0.64403,31,0,"[[9, 31], [0, 180]]"
test,average_fusion,0.26,0.85909,0.92654,0.6125,0.64403,31,0,"[[9, 31], [0, 180]]"
test,average_fusion,0.27,0.85909,0.88278,0.62222,0.65623,30,1,"[[10, 30], [1, 179]]"
test,average_fusion,0.28,0.85909,0.85303,0.63194,0.6675,29,2,"[[11, 29], [2, 178]]"
test,average_fusion,0.29,0.86818,0.86748,0.65694,0.6987,27,2,"[[13, 27], [2, 178]]"
test,average_fusion,0.3,0.87727,0.8796,0.68194,0.72791,25,2,"[[15, 25], [2, 178]]"
test,average_fusion,0.31,0.88636,0.89015,0.70694,0.75533,23,2,"[[17, 23], [2, 178]]"
test,average_fusion,0.32,0.88636,0.89015,0.70694,0.75533,23,2,"[[17, 23], [2, 178]]"
test,average_fusion,0.33,0.89091,0.895,0.71944,0.76842,22,2,"[[18, 22], [2, 178]]"
test,average_fusion,0.34,0.89545,0.89962,0.73194,0.78113,21,2,"[[19, 21], [2, 178]]"
test,average_fusion,0.35,0.89545,0.88402,0.74167,0.78696,20,3,"[[20, 20], [3, 177]]"
test,average_fusion,0.36,0.89091,0.85488,0.74861,0.7861,19,5,"[[21, 19], [5, 175]]"
test,average_fusion,0.37,0.89091,0.85488,0.74861,0.7861,19,5,"[[21, 19], [5, 175]]"
test,average_fusion,0.38,0.88182,0.82552,0.74306,0.77388,19,7,"[[21, 19], [7, 173]]"
test,average_fusion,0.39,0.89091,0.8386,0.76806,0.79614,17,7,"[[23, 17], [7, 173]]"
test,average_fusion,0.4,0.89091,0.8386,0.76806,0.79614,17,7,"[[23, 17], [7, 173]]"
test,average_fusion,0.41,0.89091,0.8386,0.76806,0.79614,17,7,"[[23, 17], [7, 173]]"
test,average_fusion,0.42,0.88636,0.82599,0.76528,0.79007,17,8,"[[23, 17], [8, 172]]"
test,average_fusion,0.43,0.88636,0.82599,0.76528,0.79007,17,8,"[[23, 17], [8, 172]]"
test,average_fusion,0.44,0.88636,0.82599,0.76528,0.79007,17,8,"[[23, 17], [8, 172]]"
test,average_fusion,0.45,0.88182,0.81416,0.7625,0.78412,17,9,"[[23, 17], [9, 171]]"
test,average_fusion,0.46,0.89091,0.82732,0.7875,0.80505,15,9,"[[25, 15], [9, 171]]"
test,average_fusion,0.47,0.89545,0.83359,0.8,0.81516,14,9,"[[26, 14], [9, 171]]"
test,average_fusion,0.48,0.89545,0.83359,0.8,0.81516,14,9,"[[26, 14], [9, 171]]"
test,average_fusion,0.49,0.89545,0.83359,0.8,0.81516,14,9,"[[26, 14], [9, 171]]"
test,average_fusion,0.5,0.9,0.83967,0.8125,0.82504,13,9,"[[27, 13], [9, 171]]"
test,average_fusion,0.51,0.89545,0.82935,0.80972,0.81897,13,10,"[[27, 13], [10, 170]]"
test,average_fusion,0.52,0.89091,0.81955,0.80694,0.813,13,11,"[[27, 13], [11, 169]]"
test,average_fusion,0.53,0.88182,0.80139,0.80139,0.80139,13,13,"[[27, 13], [13, 167]]"
test,average_fusion,0.54,0.87727,0.79296,0.79861,0.79573,13,14,"[[27, 13], [14, 166]]"
test,average_fusion,0.55,0.86818,0.77723,0.79306,0.78468,13,16,"[[27, 13], [16, 164]]"
test,average_fusion,0.56,0.86364,0.76989,0.79028,0.77929,13,17,"[[27, 13], [17, 163]]"
test,average_fusion,0.57,0.85909,0.76286,0.7875,0.77399,13,18,"[[27, 13], [18, 162]]"
test,average_fusion,0.58,0.84091,0.7375,0.77639,0.75351,13,22,"[[27, 13], [22, 158]]"
test,average_fusion,0.59,0.83182,0.72624,0.77083,0.74369,13,24,"[[27, 13], [24, 156]]"
test,average_fusion,0.6,0.81818,0.71084,0.7625,0.72943,13,27,"[[27, 13], [27, 153]]"
test,average_fusion,0.61,0.80909,0.70144,0.75694,0.7202,13,29,"[[27, 13], [29, 151]]"
test,average_fusion,0.62,0.79091,0.68437,0.74583,0.70235,13,33,"[[27, 13], [33, 147]]"
test,average_fusion,0.63,0.78182,0.68029,0.75,0.6978,12,36,"[[28, 12], [36, 144]]"
test,average_fusion,0.64,0.77727,0.68047,0.75694,0.69745,11,38,"[[29, 11], [38, 142]]"
test,average_fusion,0.65,0.77273,0.67705,0.75417,0.69322,11,39,"[[29, 11], [39, 141]]"
test,average_fusion,0.66,0.76818,0.67372,0.75139,0.68902,11,40,"[[29, 11], [40, 140]]"
test,average_fusion,0.67,0.75909,0.67147,0.75556,0.68445,10,43,"[[30, 10], [43, 137]]"
test,average_fusion,0.68,0.72273,0.64921,0.73333,0.65232,10,51,"[[30, 10], [51, 129]]"
test,average_fusion,0.69,0.72727,0.66106,0.75556,0.66313,8,52,"[[32, 8], [52, 128]]"
test,average_fusion,0.7,0.71818,0.66098,0.75972,0.65845,7,55,"[[33, 7], [55, 125]]"
test,average_fusion,0.71,0.70455,0.65419,0.75139,0.64673,7,58,"[[33, 7], [58, 122]]"
test,average_fusion,0.72,0.68182,0.64888,0.74722,0.63048,6,64,"[[34, 6], [64, 116]]"
test,average_fusion,0.73,0.67727,0.65226,0.75417,0.6295,5,66,"[[35, 5], [66, 114]]"
test,average_fusion,0.74,0.65909,0.64493,0.74306,0.61426,5,70,"[[35, 5], [70, 110]]"
test,average_fusion,0.75,0.64545,0.63972,0.73472,0.60292,5,73,"[[35, 5], [73, 107]]"
test,average_fusion,0.76,0.64545,0.64545,0.74444,0.60552,4,74,"[[36, 4], [74, 106]]"
test,average_fusion,0.77,0.64091,0.6497,0.75139,0.6042,3,76,"[[37, 3], [76, 104]]"
test,average_fusion,0.78,0.62273,0.64356,0.74028,0.58903,3,80,"[[37, 3], [80, 100]]"
test,average_fusion,0.79,0.60909,0.63917,0.73194,0.57768,3,83,"[[37, 3], [83, 97]]"
test,average_fusion,0.8,0.58182,0.63087,0.71528,0.55501,3,89,"[[37, 3], [89, 91]]"
test,average_fusion,0.81,0.57727,0.62954,0.7125,0.55123,3,90,"[[37, 3], [90, 90]]"
test,average_fusion,0.82,0.55455,0.62311,0.69861,0.53228,3,95,"[[37, 3], [95, 85]]"
test,average_fusion,0.83,0.53636,0.61817,0.6875,0.51705,3,99,"[[37, 3], [99, 81]]"
test,average_fusion,0.84,0.51818,0.61339,0.67639,0.50171,3,103,"[[37, 3], [103, 77]]"
test,average_fusion,0.85,0.50455,0.6258,0.6875,0.49314,1,108,"[[39, 1], [108, 72]]"
test,average_fusion,0.86,0.48182,0.62094,0.67361,0.47329,1,113,"[[39, 1], [113, 67]]"
test,average_fusion,0.87,0.46364,0.62658,0.67222,0.45822,0,118,"[[40, 0], [118, 62]]"
test,average_fusion,0.88,0.43636,0.62195,0.65556,0.43337,0,124,"[[40, 0], [124, 56]]"
test,average_fusion,0.89,0.41818,0.61905,0.64444,0.41645,0,128,"[[40, 0], [128, 52]]"
test,average_fusion,0.9,0.38636,0.61429,0.625,0.38605,0,135,"[[40, 0], [135, 45]]"
test,average_fusion,0.91,0.35909,0.6105,0.60833,0.35908,0,141,"[[40, 0], [141, 39]]"
test,average_fusion,0.92,0.31364,0.60471,0.58056,0.31192,0,151,"[[40, 0], [151, 29]]"
test,average_fusion,0.93,0.30909,0.60417,0.57778,0.30703,0,152,"[[40, 0], [152, 28]]"
test,average_fusion,0.94,0.27273,0.6,0.55556,0.26667,0,160,"[[40, 0], [160, 20]]"
test,average_fusion,0.95,0.23636,0.59615,0.53333,0.22379,0,168,"[[40, 0], [168, 12]]"
test,average_fusion,0.96,0.21818,0.59434,0.52222,0.20128,0,172,"[[40, 0], [172, 8]]"
test,average_fusion,0.97,0.2,0.59259,0.51111,0.17799,0,176,"[[40, 0], [176, 4]]"
test,average_fusion,0.98,0.19091,0.59174,0.50556,0.16603,0,178,"[[40, 0], [178, 2]]"
test,average_fusion,0.99,0.18182,0.09091,0.5,0.15385,0,180,"[[40, 0], [180, 0]]"
validation,adaptive_fusion,0.01,0.84889,0.42444,0.5,0.45913,34,0,"[[0, 34], [0, 191]]"
validation,adaptive_fusion,0.02,0.84889,0.42444,0.5,0.45913,34,0,"[[0, 34], [0, 191]]"
validation,adaptive_fusion,0.03,0.84889,0.42444,0.5,0.45913,34,0,"[[0, 34], [0, 191]]"
validation,adaptive_fusion,0.04,0.84889,0.42444,0.5,0.45913,34,0,"[[0, 34], [0, 191]]"
validation,adaptive_fusion,0.05,0.84889,0.42444,0.5,0.45913,34,0,"[[0, 34], [0, 191]]"
validation,adaptive_fusion,0.06,0.84889,0.42444,0.5,0.45913,34,0,"[[0, 34], [0, 191]]"
validation,adaptive_fusion,0.07,0.84889,0.42444,0.5,0.45913,34,0,"[[0, 34], [0, 191]]"
validation,adaptive_fusion,0.08,0.84889,0.42444,0.5,0.45913,34,0,"[[0, 34], [0, 191]]"
validation,adaptive_fusion,0.09,0.84889,0.42444,0.5,0.45913,34,0,"[[0, 34], [0, 191]]"
validation,adaptive_fusion,0.1,0.84889,0.42444,0.5,0.45913,34,0,"[[0, 34], [0, 191]]"
validation,adaptive_fusion,0.11,0.84889,0.42444,0.5,0.45913,34,0,"[[0, 34], [0, 191]]"
validation,adaptive_fusion,0.12,0.84889,0.42444,0.5,0.45913,34,0,"[[0, 34], [0, 191]]"
validation,adaptive_fusion,0.13,0.84889,0.42444,0.5,0.45913,34,0,"[[0, 34], [0, 191]]"
validation,adaptive_fusion,0.14,0.85333,0.92634,0.51471,0.48881,33,0,"[[1, 33], [0, 191]]"
validation,adaptive_fusion,0.15,0.85778,0.92825,0.52941,0.51691,32,0,"[[2, 32], [0, 191]]"
validation,adaptive_fusion,0.16,0.86222,0.93018,0.54412,0.54355,31,0,"[[3, 31], [0, 191]]"
validation,adaptive_fusion,0.17,0.86222,0.93018,0.54412,0.54355,31,0,"[[3, 31], [0, 191]]"
validation,adaptive_fusion,0.18,0.86667,0.93213,0.55882,0.56886,30,0,"[[4, 30], [0, 191]]"
validation,adaptive_fusion,0.19,0.87111,0.82639,0.59771,0.62716,27,2,"[[7, 27], [2, 189]]"
validation,adaptive_fusion,0.2,0.87556,0.83953,0.61241,0.64734,26,2,"[[8, 26], [2, 189]]"
validation,adaptive_fusion,0.21,0.88444,0.86033,0.64182,0.68521,24,2,"[[10, 24], [2, 189]]"
validation,adaptive_fusion,0.22,0.88889,0.86883,0.65653,0.70303,23,2,"[[11, 23], [2, 189]]"
validation,adaptive_fusion,0.23,0.88889,0.84762,0.66862,0.71373,22,3,"[[12, 22], [3, 188]]"
validation,adaptive_fusion,0.24,0.89778,0.86369,0.69803,0.74569,20,3,"[[14, 20], [3, 188]]"
validation,adaptive_fusion,0.25,0.89333,0.84058,0.69541,0.73908,20,4,"[[14, 20], [4, 187]]"
validation,adaptive_fusion,0.26,0.89333,0.84058,0.69541,0.73908,20,4,"[[14, 20], [4, 187]]"
validation,adaptive_fusion,0.27,0.88889,0.81988,0.69279,0.73266,20,5,"[[14, 20], [5, 186]]"
validation,adaptive_fusion,0.28,0.89333,0.82866,0.7075,0.74747,19,5,"[[15, 19], [5, 186]]"
validation,adaptive_fusion,0.29,0.89333,0.82866,0.7075,0.74747,19,5,"[[15, 19], [5, 186]]"
validation,adaptive_fusion,0.3,0.89333,0.82866,0.7075,0.74747,19,5,"[[15, 19], [5, 186]]"
validation,adaptive_fusion,0.31,0.89333,0.82866,0.7075,0.74747,19,5,"[[15, 19], [5, 186]]"
validation,adaptive_fusion,0.32,0.89333,0.82866,0.7075,0.74747,19,5,"[[15, 19], [5, 186]]"
validation,adaptive_fusion,0.33,0.89333,0.82866,0.7075,0.74747,19,5,"[[15, 19], [5, 186]]"
validation,adaptive_fusion,0.34,0.89333,0.82866,0.7075,0.74747,19,5,"[[15, 19], [5, 186]]"
validation,adaptive_fusion,0.35,0.88889,0.81057,0.70488,0.74108,19,6,"[[15, 19], [6, 185]]"
validation,adaptive_fusion,0.36,0.88444,0.79411,0.70226,0.73486,19,7,"[[15, 19], [7, 184]]"
validation,adaptive_fusion,0.37,0.88444,0.79411,0.70226,0.73486,19,7,"[[15, 19], [7, 184]]"
validation,adaptive_fusion,0.38,0.88444,0.79411,0.70226,0.73486,19,7,"[[15, 19], [7, 184]]"
validation,adaptive_fusion,0.39,0.87556,0.76524,0.69703,0.72291,19,9,"[[15, 19], [9, 182]]"
validation,adaptive_fusion,0.4,0.87111,0.75084,0.7065,0.72502,18,11,"[[16, 18], [11, 180]]"
validation,adaptive_fusion,0.41,0.88,0.76953,0.73591,0.75083,16,11,"[[18, 16], [11, 180]]"
validation,adaptive_fusion,0.42,0.87556,0.75897,0.73329,0.74498,16,12,"[[18, 16], [12, 179]]"
validation,adaptive_fusion,0.43,0.88,0.76779,0.748,0.75724,15,12,"[[19, 15], [12, 179]]"
validation,adaptive_fusion,0.44,0.88,0.76779,0.748,0.75724,15,12,"[[19, 15], [12, 179]]"
validation,adaptive_fusion,0.45,0.87556,0.75801,0.74538,0.75142,15,13,"[[19, 15], [13, 178]]"
validation,adaptive_fusion,0.46,0.87111,0.74882,0.74276,0.74572,15,14,"[[19, 15], [14, 177]]"
validation,adaptive_fusion,0.47,0.87111,0.74887,0.75485,0.7518,14,15,"[[20, 14], [15, 176]]"
validation,adaptive_fusion,0.48,0.87111,0.74887,0.75485,0.7518,14,15,"[[20, 14], [15, 176]]"
validation,adaptive_fusion,0.49,0.86222,0.73304,0.74962,0.74079,14,17,"[[20, 14], [17, 174]]"
validation,adaptive_fusion,0.5,0.86667,0.74156,0.76432,0.75198,13,17,"[[21, 13], [17, 174]]"
validation,adaptive_fusion,0.51,0.87111,0.74979,0.77903,0.76291,12,17,"[[22, 12], [17, 174]]"
validation,adaptive_fusion,0.52,0.87111,0.74979,0.77903,0.76291,12,17,"[[22, 12], [17, 174]]"
validation,adaptive_fusion,0.53,0.86222,0.73568,0.77379,0.752,12,19,"[[22, 12], [19, 172]]"
validation,adaptive_fusion,0.54,0.86222,0.73568,0.77379,0.752,12,19,"[[22, 12], [19, 172]]"
validation,adaptive_fusion,0.55,0.86222,0.73568,0.77379,0.752,12,19,"[[22, 12], [19, 172]]"
validation,adaptive_fusion,0.56,0.86222,0.73568,0.77379,0.752,12,19,"[[22, 12], [19, 172]]"
validation,adaptive_fusion,0.57,0.85778,0.72912,0.77117,0.74669,12,20,"[[22, 12], [20, 171]]"
validation,adaptive_fusion,0.58,0.84444,0.71111,0.76332,0.73131,12,23,"[[22, 12], [23, 168]]"
validation,adaptive_fusion,0.59,0.84,0.70851,0.77279,0.73157,11,25,"[[23, 11], [25, 166]]"
validation,adaptive_fusion,0.6,0.84,0.70851,0.77279,0.73157,11,25,"[[23, 11], [25, 166]]"
validation,adaptive_fusion,0.61,0.83556,0.70344,0.77017,0.7267,11,26,"[[23, 11], [26, 165]]"
validation,adaptive_fusion,0.62,0.83111,0.69857,0.76755,0.7219,11,27,"[[23, 11], [27, 164]]"
validation,adaptive_fusion,0.63,0.81778,0.68877,0.77179,0.71288,10,31,"[[24, 10], [31, 160]]"
validation,adaptive_fusion,0.64,0.81333,0.6847,0.76917,0.70833,10,32,"[[24, 10], [32, 159]]"
validation,adaptive_fusion,0.65,0.80889,0.68476,0.77864,0.70859,9,34,"[[25, 9], [34, 157]]"
validation,adaptive_fusion,0.66,0.80444,0.68106,0.77602,0.70416,9,35,"[[25, 9], [35, 156]]"
validation,adaptive_fusion,0.67,0.77333,0.65809,0.7577,0.67446,9,42,"[[25, 9], [42, 149]]"
validation,adaptive_fusion,0.68,0.76889,0.65516,0.75508,0.67039,9,43,"[[25, 9], [43, 148]]"
validation,adaptive_fusion,0.69,0.75556,0.65177,0.75932,0.66282,8,47,"[[26, 8], [47, 144]]"
validation,adaptive_fusion,0.7,0.74667,0.65168,0.76617,0.65917,7,50,"[[27, 7], [50, 141]]"
validation,adaptive_fusion,0.71,0.74222,0.65431,0.77564,0.6593,6,52,"[[28, 6], [52, 139]]"
validation,adaptive_fusion,0.72,0.72889,0.64755,0.76779,0.64772,6,55,"[[28, 6], [55, 136]]"
validation,adaptive_fusion,0.73,0.73333,0.65489,0.78249,0.6554,5,55,"[[29, 5], [55, 136]]"
validation,adaptive_fusion,0.74,0.72889,0.65273,0.77987,0.65155,5,56,"[[29, 5], [56, 135]]"
validation,adaptive_fusion,0.75,0.71556,0.64652,0.77202,0.64014,5,59,"[[29, 5], [59, 132]]"
validation,adaptive_fusion,0.76,0.69333,0.63697,0.75893,0.62154,5,64,"[[29, 5], [64, 127]]"
validation,adaptive_fusion,0.77,0.68444,0.63901,0.76578,0.61772,4,67,"[[30, 4], [67, 124]]"
validation,adaptive_fusion,0.78,0.68444,0.63901,0.76578,0.61772,4,67,"[[30, 4], [67, 124]]"
validation,adaptive_fusion,0.79,0.66222,0.6308,0.75269,0.59957,4,72,"[[30, 4], [72, 119]]"
validation,adaptive_fusion,0.8,0.64889,0.62619,0.74484,0.58882,4,75,"[[30, 4], [75, 116]]"
validation,adaptive_fusion,0.81,0.62667,0.62512,0.74384,0.57417,3,81,"[[31, 3], [81, 110]]"
validation,adaptive_fusion,0.82,0.61778,0.62876,0.75069,0.57,2,84,"[[32, 2], [84, 107]]"
validation,adaptive_fusion,0.83,0.60889,0.62625,0.74546,0.56288,2,86,"[[32, 2], [86, 105]]"
validation,adaptive_fusion,0.84,0.57778,0.618,0.72713,0.53803,2,93,"[[32, 2], [93, 98]]"
validation,adaptive_fusion,0.85,0.54667,0.61764,0.7209,0.51558,1,101,"[[33, 1], [101, 90]]"
validation,adaptive_fusion,0.86,0.52,0.61197,0.70519,0.494,1,107,"[[33, 1], [107, 84]]"
validation,adaptive_fusion,0.87,0.47111,0.60251,0.67639,0.45385,1,118,"[[33, 1], [118, 73]]"
validation,adaptive_fusion,0.88,0.43556,0.5962,0.65545,0.4239,1,126,"[[33, 1], [126, 65]]"
validation,adaptive_fusion,0.89,0.37778,0.5865,0.62142,0.37331,1,139,"[[33, 1], [139, 52]]"
validation,adaptive_fusion,0.9,0.31111,0.57508,0.58215,0.31089,1,154,"[[33, 1], [154, 37]]"
validation,adaptive_fusion,0.91,0.26667,0.5659,0.55597,0.26614,1,164,"[[33, 1], [164, 27]]"
validation,adaptive_fusion,0.92,0.22667,0.55378,0.53241,0.22321,1,173,"[[33, 1], [173, 18]]"
validation,adaptive_fusion,0.93,0.17778,0.51354,0.50362,0.16665,1,184,"[[33, 1], [184, 7]]"
validation,adaptive_fusion,0.94,0.17333,0.57727,0.51309,0.15937,0,186,"[[34, 0], [186, 5]]"
validation,adaptive_fusion,0.95,0.16444,0.57658,0.50785,0.14828,0,188,"[[34, 0], [188, 3]]"
validation,adaptive_fusion,0.96,0.16,0.57623,0.50524,0.14266,0,189,"[[34, 0], [189, 2]]"
validation,adaptive_fusion,0.97,0.15556,0.57589,0.50262,0.13699,0,190,"[[34, 0], [190, 1]]"
validation,adaptive_fusion,0.98,0.15111,0.07556,0.5,0.13127,0,191,"[[34, 0], [191, 0]]"
validation,adaptive_fusion,0.99,0.15111,0.07556,0.5,0.13127,0,191,"[[34, 0], [191, 0]]"
test,adaptive_fusion,0.01,0.81818,0.40909,0.5,0.45,40,0,"[[0, 40], [0, 180]]"
test,adaptive_fusion,0.02,0.81818,0.40909,0.5,0.45,40,0,"[[0, 40], [0, 180]]"
test,adaptive_fusion,0.03,0.81818,0.40909,0.5,0.45,40,0,"[[0, 40], [0, 180]]"
test,adaptive_fusion,0.04,0.81818,0.40909,0.5,0.45,40,0,"[[0, 40], [0, 180]]"
test,adaptive_fusion,0.05,0.81818,0.40909,0.5,0.45,40,0,"[[0, 40], [0, 180]]"
test,adaptive_fusion,0.06,0.81818,0.40909,0.5,0.45,40,0,"[[0, 40], [0, 180]]"
test,adaptive_fusion,0.07,0.81818,0.40909,0.5,0.45,40,0,"[[0, 40], [0, 180]]"
test,adaptive_fusion,0.08,0.81818,0.40909,0.5,0.45,40,0,"[[0, 40], [0, 180]]"
test,adaptive_fusion,0.09,0.81818,0.40909,0.5,0.45,40,0,"[[0, 40], [0, 180]]"
test,adaptive_fusion,0.1,0.81818,0.40909,0.5,0.45,40,0,"[[0, 40], [0, 180]]"
test,adaptive_fusion,0.11,0.81818,0.40909,0.5,0.45,40,0,"[[0, 40], [0, 180]]"
test,adaptive_fusion,0.12,0.82273,0.91096,0.5125,0.47552,39,0,"[[1, 39], [0, 180]]"
test,adaptive_fusion,0.13,0.82273,0.91096,0.5125,0.47552,39,0,"[[1, 39], [0, 180]]"
test,adaptive_fusion,0.14,0.82273,0.91096,0.5125,0.47552,39,0,"[[1, 39], [0, 180]]"
test,adaptive_fusion,0.15,0.82273,0.91096,0.5125,0.47552,39,0,"[[1, 39], [0, 180]]"
test,adaptive_fusion,0.16,0.82273,0.91096,0.5125,0.47552,39,0,"[[1, 39], [0, 180]]"
test,adaptive_fusion,0.17,0.82727,0.91284,0.525,0.49988,38,0,"[[2, 38], [0, 180]]"
test,adaptive_fusion,0.18,0.83636,0.91667,0.55,0.54545,36,0,"[[4, 36], [0, 180]]"
test,adaptive_fusion,0.19,0.85,0.92254,0.5875,0.60695,33,0,"[[7, 33], [0, 180]]"
test,adaptive_fusion,0.2,0.85455,0.92453,0.6,0.62585,32,0,"[[8, 32], [0, 180]]"
test,adaptive_fusion,0.21,0.85455,0.92453,0.6,0.62585,32,0,"[[8, 32], [0, 180]]"
test,adaptive_fusion,0.22,0.85909,0.92654,0.6125,0.64403,31,0,"[[9, 31], [0, 180]]"
test,adaptive_fusion,0.23,0.85909,0.92654,0.6125,0.64403,31,0,"[[9, 31], [0, 180]]"
test,adaptive_fusion,0.24,0.85455,0.87619,0.60972,0.63897,31,1,"[[9, 31], [1, 179]]"
test,adaptive_fusion,0.25,0.85909,0.85303,0.63194,0.6675,29,2,"[[11, 29], [2, 178]]"
test,adaptive_fusion,0.26,0.85909,0.85303,0.63194,0.6675,29,2,"[[11, 29], [2, 178]]"
test,adaptive_fusion,0.27,0.86818,0.86748,0.65694,0.6987,27,2,"[[13, 27], [2, 178]]"
test,adaptive_fusion,0.28,0.87273,0.87377,0.66944,0.71354,26,2,"[[14, 26], [2, 178]]"
test,adaptive_fusion,0.29,0.88182,0.88504,0.69444,0.74183,24,2,"[[16, 24], [2, 178]]"
test,adaptive_fusion,0.3,0.88636,0.89015,0.70694,0.75533,23,2,"[[17, 23], [2, 178]]"
test,adaptive_fusion,0.31,0.89091,0.895,0.71944,0.76842,22,2,"[[18, 22], [2, 178]]"
test,adaptive_fusion,0.32,0.89545,0.89962,0.73194,0.78113,21,2,"[[19, 21], [2, 178]]"
test,adaptive_fusion,0.33,0.89091,0.87879,0.72917,0.77471,21,3,"[[19, 21], [3, 177]]"
test,adaptive_fusion,0.34,0.88182,0.84226,0.72361,0.7623,21,5,"[[19, 21], [5, 175]]"
test,adaptive_fusion,0.35,0.89091,0.85488,0.74861,0.7861,19,5,"[[21, 19], [5, 175]]"
test,adaptive_fusion,0.36,0.88636,0.83967,0.74583,0.77992,19,6,"[[21, 19], [6, 174]]"
test,adaptive_fusion,0.37,0.89091,0.84598,0.75833,0.79127,18,6,"[[22, 18], [6, 174]]"
test,adaptive_fusion,0.38,0.88636,0.83219,0.75556,0.78515,18,7,"[[22, 18], [7, 173]]"
test,adaptive_fusion,0.39,0.89091,0.8386,0.76806,0.79614,17,7,"[[23, 17], [7, 173]]"
test,adaptive_fusion,0.4,0.88636,0.82599,0.76528,0.79007,17,8,"[[23, 17], [8, 172]]"
test,adaptive_fusion,0.41,0.88636,0.82599,0.76528,0.79007,17,8,"[[23, 17], [8, 172]]"
test,adaptive_fusion,0.42,0.88636,0.82599,0.76528,0.79007,17,8,"[[23, 17], [8, 172]]"
test,adaptive_fusion,0.43,0.88636,0.82599,0.76528,0.79007,17,8,"[[23, 17], [8, 172]]"
test,adaptive_fusion,0.44,0.88636,0.82599,0.76528,0.79007,17,8,"[[23, 17], [8, 172]]"
test,adaptive_fusion,0.45,0.88636,0.82086,0.775,0.79471,16,9,"[[24, 16], [9, 171]]"
test,adaptive_fusion,0.46,0.89545,0.83359,0.8,0.81516,14,9,"[[26, 14], [9, 171]]"
test,adaptive_fusion,0.47,0.89545,0.83359,0.8,0.81516,14,9,"[[26, 14], [9, 171]]"
test,adaptive_fusion,0.48,0.89545,0.83359,0.8,0.81516,14,9,"[[26, 14], [9, 171]]"
test,adaptive_fusion,0.49,0.89545,0.83359,0.8,0.81516,14,9,"[[26, 14], [9, 171]]"
test,adaptive_fusion,0.5,0.9,0.83967,0.8125,0.82504,13,9,"[[27, 13], [9, 171]]"
test,adaptive_fusion,0.51,0.9,0.83967,0.8125,0.82504,13,9,"[[27, 13], [9, 171]]"
test,adaptive_fusion,0.52,0.89545,0.82935,0.80972,0.81897,13,10,"[[27, 13], [10, 170]]"
test,adaptive_fusion,0.53,0.88636,0.81024,0.80417,0.80715,13,12,"[[27, 13], [12, 168]]"
test,adaptive_fusion,0.54,0.88182,0.80139,0.80139,0.80139,13,13,"[[27, 13], [13, 167]]"
test,adaptive_fusion,0.55,0.87727,0.79296,0.79861,0.79573,13,14,"[[27, 13], [14, 166]]"
test,adaptive_fusion,0.56,0.87273,0.78491,0.79583,0.79016,13,15,"[[27, 13], [15, 165]]"
test,adaptive_fusion,0.57,0.86364,0.76989,0.79028,0.77929,13,17,"[[27, 13], [17, 163]]"
test,adaptive_fusion,0.58,0.85909,0.76286,0.7875,0.77399,13,18,"[[27, 13], [18, 162]]"
test,adaptive_fusion,0.59,0.84091,0.7375,0.77639,0.75351,13,22,"[[27, 13], [22, 158]]"
test,adaptive_fusion,0.6,0.83636,0.73176,0.77361,0.74857,13,23,"[[27, 13], [23, 157]]"
test,adaptive_fusion,0.61,0.82273,0.71579,0.76528,0.73413,13,26,"[[27, 13], [26, 154]]"
test,adaptive_fusion,0.62,0.81364,0.70606,0.75972,0.72479,13,28,"[[27, 13], [28, 152]]"
test,adaptive_fusion,0.63,0.80455,0.70002,0.76389,0.71978,12,31,"[[28, 12], [31, 149]]"
test,adaptive_fusion,0.64,0.79545,0.69513,0.76806,0.71479,11,34,"[[29, 11], [34, 146]]"
test,adaptive_fusion,0.65,0.78636,0.68759,0.7625,0.70604,11,36,"[[29, 11], [36, 144]]"
test,adaptive_fusion,0.66,0.78182,0.68398,0.75972,0.70173,11,37,"[[29, 11], [37, 143]]"
test,adaptive_fusion,0.67,0.77727,0.68047,0.75694,0.69745,11,38,"[[29, 11], [38, 142]]"
test,adaptive_fusion,0.68,0.75455,0.66423,0.74306,0.67661,11,43,"[[29, 11], [43, 137]]"
test,adaptive_fusion,0.69,0.73636,0.66161,0.75139,0.66771,9,49,"[[31, 9], [49, 131]]"
test,adaptive_fusion,0.7,0.72727,0.65642,0.74583,0.65976,9,51,"[[31, 9], [51, 129]]"
test,adaptive_fusion,0.71,0.72273,0.6539,0.74306,0.65582,9,52,"[[31, 9], [52, 128]]"
test,adaptive_fusion,0.72,0.71818,0.6562,0.75,0.65524,8,54,"[[32, 8], [54, 126]]"
test,adaptive_fusion,0.73,0.70909,0.65152,0.74444,0.64744,8,56,"[[32, 8], [56, 124]]"
test,adaptive_fusion,0.74,0.68636,0.64055,0.73056,0.62822,8,61,"[[32, 8], [61, 119]]"
test,adaptive_fusion,0.75,0.66364,0.63583,0.72639,0.61238,7,67,"[[33, 7], [67, 113]]"
test,adaptive_fusion,0.76,0.65455,0.6321,0.72083,0.60488,7,69,"[[33, 7], [69, 111]]"
test,adaptive_fusion,0.77,0.63636,0.63636,0.72917,0.5954,5,75,"[[35, 5], [75, 105]]"
test,adaptive_fusion,0.78,0.63636,0.64813,0.74861,0.6004,3,77,"[[37, 3], [77, 103]]"
test,adaptive_fusion,0.79,0.63182,0.64658,0.74583,0.5966,3,78,"[[37, 3], [78, 102]]"
test,adaptive_fusion,0.8,0.60909,0.63917,0.73194,0.57768,3,83,"[[37, 3], [83, 97]]"
test,adaptive_fusion,0.81,0.59091,0.63357,0.72083,0.56257,3,87,"[[37, 3], [87, 93]]"
test,adaptive_fusion,0.82,0.56818,0.62693,0.70694,0.54366,3,92,"[[37, 3], [92, 88]]"
test,adaptive_fusion,0.83,0.55,0.62186,0.69583,0.52848,3,96,"[[37, 3], [96, 84]]"
test,adaptive_fusion,0.84,0.55,0.62186,0.69583,0.52848,3,96,"[[37, 3], [96, 84]]"
test,adaptive_fusion,0.85,0.51364,0.61988,0.68333,0.49948,2,105,"[[38, 2], [105, 75]]"
test,adaptive_fusion,0.86,0.49091,0.62286,0.67917,0.48126,1,111,"[[39, 1], [111, 69]]"
test,adaptive_fusion,0.87,0.47727,0.62903,0.68056,0.47043,0,115,"[[40, 0], [115, 65]]"
test,adaptive_fusion,0.88,0.45,0.62422,0.66389,0.44587,0,121,"[[40, 0], [121, 59]]"
test,adaptive_fusion,0.89,0.42727,0.62048,0.65,0.42494,0,126,"[[40, 0], [126, 54]]"
test,adaptive_fusion,0.9,0.39545,0.61561,0.63056,0.39484,0,133,"[[40, 0], [133, 47]]"
test,adaptive_fusion,0.91,0.37273,0.61236,0.61667,0.37268,0,138,"[[40, 0], [138, 42]]"
test,adaptive_fusion,0.92,0.31364,0.60471,0.58056,0.31192,0,151,"[[40, 0], [151, 29]]"
test,adaptive_fusion,0.93,0.31364,0.60471,0.58056,0.31192,0,151,"[[40, 0], [151, 29]]"
test,adaptive_fusion,0.94,0.28182,0.60101,0.56111,0.27698,0,158,"[[40, 0], [158, 22]]"
test,adaptive_fusion,0.95,0.23636,0.59615,0.53333,0.22379,0,168,"[[40, 0], [168, 12]]"
test,adaptive_fusion,0.96,0.22273,0.59479,0.525,0.20698,0,171,"[[40, 0], [171, 9]]"
test,adaptive_fusion,0.97,0.2,0.59259,0.51111,0.17799,0,176,"[[40, 0], [176, 4]]"
test,adaptive_fusion,0.98,0.19091,0.59174,0.50556,0.16603,0,178,"[[40, 0], [178, 2]]"
test,adaptive_fusion,0.99,0.18182,0.09091,0.5,0.15385,0,180,"[[40, 0], [180, 0]]"
validation,adaptive_linear_normalization,0.01,0.84889,0.42444,0.5,0.45913,34,0,"[[0, 34], [0, 191]]"
validation,adaptive_linear_normalization,0.02,0.84889,0.42444,0.5,0.45913,34,0,"[[0, 34], [0, 191]]"
validation,adaptive_linear_normalization,0.03,0.84889,0.42444,0.5,0.45913,34,0,"[[0, 34], [0, 191]]"
validation,adaptive_linear_normalization,0.04,0.84889,0.42444,0.5,0.45913,34,0,"[[0, 34], [0, 191]]"
validation,adaptive_linear_normalization,0.05,0.84889,0.42444,0.5,0.45913,34,0,"[[0, 34], [0, 191]]"
validation,adaptive_linear_normalization,0.06,0.84889,0.42444,0.5,0.45913,34,0,"[[0, 34], [0, 191]]"
validation,adaptive_linear_normalization,0.07,0.84889,0.42444,0.5,0.45913,34,0,"[[0, 34], [0, 191]]"
validation,adaptive_linear_normalization,0.08,0.84889,0.42444,0.5,0.45913,34,0,"[[0, 34], [0, 191]]"
validation,adaptive_linear_normalization,0.09,0.84889,0.42444,0.5,0.45913,34,0,"[[0, 34], [0, 191]]"
validation,adaptive_linear_normalization,0.1,0.85778,0.92825,0.52941,0.51691,32,0,"[[2, 32], [0, 191]]"
validation,adaptive_linear_normalization,0.11,0.87111,0.93409,0.57353,0.59293,29,0,"[[5, 29], [0, 191]]"
validation,adaptive_linear_normalization,0.12,0.88,0.93807,0.60294,0.63772,27,0,"[[7, 27], [0, 191]]"
validation,adaptive_linear_normalization,0.13,0.88444,0.94009,0.61765,0.65861,26,0,"[[8, 26], [0, 191]]"
validation,adaptive_linear_normalization,0.14,0.88444,0.89186,0.62974,0.67253,25,1,"[[9, 25], [1, 190]]"
validation,adaptive_linear_normalization,0.15,0.88444,0.89186,0.62974,0.67253,25,1,"[[9, 25], [1, 190]]"
validation,adaptive_linear_normalization,0.16,0.88,0.85068,0.62712,0.66667,25,2,"[[9, 25], [2, 189]]"
validation,adaptive_linear_normalization,0.17,0.88,0.85068,0.62712,0.66667,25,2,"[[9, 25], [2, 189]]"
validation,adaptive_linear_normalization,0.18,0.88444,0.86033,0.64182,0.68521,24,2,"[[10, 24], [2, 189]]"
validation,adaptive_linear_normalization,0.19,0.88444,0.83835,0.65391,0.69683,23,3,"[[11, 23], [3, 188]]"
validation,adaptive_linear_normalization,0.2,0.88444,0.82237,0.666,0.7075,22,4,"[[12, 22], [4, 187]]"
validation,adaptive_linear_normalization,0.21,0.88444,0.82237,0.666,0.7075,22,4,"[[12, 22], [4, 187]]"
validation,adaptive_linear_normalization,0.22,0.88889,0.83187,0.68071,0.72357,21,4,"[[13, 21], [4, 187]]"
validation,adaptive_linear_normalization,0.23,0.89333,0.84058,0.69541,0.73908,20,4,"[[14, 20], [4, 187]]"
validation,adaptive_linear_normalization,0.24,0.89333,0.82866,0.7075,0.74747,19,5,"[[15, 19], [5, 186]]"
validation,adaptive_linear_normalization,0.25,0.89333,0.82866,0.7075,0.74747,19,5,"[[15, 19], [5, 186]]"
validation,adaptive_linear_normalization,0.26,0.89333,0.82866,0.7075,0.74747,19,5,"[[15, 19], [5, 186]]"
validation,adaptive_linear_normalization,0.27,0.88889,0.81057,0.70488,0.74108,19,6,"[[15, 19], [6, 185]]"
validation,adaptive_linear_normalization,0.28,0.88889,0.81057,0.70488,0.74108,19,6,"[[15, 19], [6, 185]]"
validation,adaptive_linear_normalization,0.29,0.88889,0.81057,0.70488,0.74108,19,6,"[[15, 19], [6, 185]]"
validation,adaptive_linear_normalization,0.3,0.88889,0.81057,0.70488,0.74108,19,6,"[[15, 19], [6, 185]]"
validation,adaptive_linear_normalization,0.31,0.88444,0.79411,0.70226,0.73486,19,7,"[[15, 19], [7, 184]]"
validation,adaptive_linear_normalization,0.32,0.88444,0.79411,0.70226,0.73486,19,7,"[[15, 19], [7, 184]]"
validation,adaptive_linear_normalization,0.33,0.88889,0.80327,0.71697,0.7489,18,7,"[[16, 18], [7, 184]]"
validation,adaptive_linear_normalization,0.34,0.88444,0.78856,0.71435,0.7427,18,8,"[[16, 18], [8, 183]]"
validation,adaptive_linear_normalization,0.35,0.87556,0.76247,0.70912,0.73077,18,10,"[[16, 18], [10, 181]]"
validation,adaptive_linear_normalization,0.36,0.87556,0.76042,0.7212,0.73811,17,11,"[[17, 17], [11, 180]]"
validation,adaptive_linear_normalization,0.37,0.87111,0.74974,0.71859,0.73237,17,12,"[[17, 17], [12, 179]]"
validation,adaptive_linear_normalization,0.38,0.87556,0.75897,0.73329,0.74498,16,12,"[[18, 16], [12, 179]]"
validation,adaptive_linear_normalization,0.39,0.87556,0.75897,0.73329,0.74498,16,12,"[[18, 16], [12, 179]]"
validation,adaptive_linear_normalization,0.4,0.87111,0.74909,0.73067,0.73926,16,13,"[[18, 16], [13, 178]]"
validation,adaptive_linear_normalization,0.41,0.87556,0.75801,0.74538,0.75142,15,13,"[[19, 15], [13, 178]]"
validation,adaptive_linear_normalization,0.42,0.87556,0.75801,0.74538,0.75142,15,13,"[[19, 15], [13, 178]]"
validation,adaptive_linear_normalization,0.43,0.87111,0.74882,0.74276,0.74572,15,14,"[[19, 15], [14, 177]]"
validation,adaptive_linear_normalization,0.44,0.87111,0.74882,0.74276,0.74572,15,14,"[[19, 15], [14, 177]]"
validation,adaptive_linear_normalization,0.45,0.87111,0.74882,0.74276,0.74572,15,14,"[[19, 15], [14, 177]]"
validation,adaptive_linear_normalization,0.46,0.87111,0.74887,0.75485,0.7518,14,15,"[[20, 14], [15, 176]]"
validation,adaptive_linear_normalization,0.47,0.87111,0.74887,0.75485,0.7518,14,15,"[[20, 14], [15, 176]]"
validation,adaptive_linear_normalization,0.48,0.86222,0.73304,0.74962,0.74079,14,17,"[[20, 14], [17, 174]]"
validation,adaptive_linear_normalization,0.49,0.86222,0.73304,0.74962,0.74079,14,17,"[[20, 14], [17, 174]]"
validation,adaptive_linear_normalization,0.5,0.86667,0.74156,0.76432,0.75198,13,17,"[[21, 13], [17, 174]]"
validation,adaptive_linear_normalization,0.51,0.87111,0.74979,0.77903,0.76291,12,17,"[[22, 12], [17, 174]]"
validation,adaptive_linear_normalization,0.52,0.87111,0.74979,0.77903,0.76291,12,17,"[[22, 12], [17, 174]]"
validation,adaptive_linear_normalization,0.53,0.87111,0.74979,0.77903,0.76291,12,17,"[[22, 12], [17, 174]]"
validation,adaptive_linear_normalization,0.54,0.87111,0.74979,0.77903,0.76291,12,17,"[[22, 12], [17, 174]]"
validation,adaptive_linear_normalization,0.55,0.86222,0.73568,0.77379,0.752,12,19,"[[22, 12], [19, 172]]"
validation,adaptive_linear_normalization,0.56,0.86222,0.73568,0.77379,0.752,12,19,"[[22, 12], [19, 172]]"
validation,adaptive_linear_normalization,0.57,0.86222,0.73568,0.77379,0.752,12,19,"[[22, 12], [19, 172]]"
validation,adaptive_linear_normalization,0.58,0.85778,0.72912,0.77117,0.74669,12,20,"[[22, 12], [20, 171]]"
validation,adaptive_linear_normalization,0.59,0.85333,0.72285,0.76856,0.74148,12,21,"[[22, 12], [21, 170]]"
validation,adaptive_linear_normalization,0.6,0.84889,0.71685,0.76594,0.73635,12,22,"[[22, 12], [22, 169]]"
validation,adaptive_linear_normalization,0.61,0.84889,0.71685,0.76594,0.73635,12,22,"[[22, 12], [22, 169]]"
validation,adaptive_linear_normalization,0.62,0.84889,0.71685,0.76594,0.73635,12,22,"[[22, 12], [22, 169]]"
validation,adaptive_linear_normalization,0.63,0.84889,0.71927,0.77803,0.74155,11,23,"[[23, 11], [23, 168]]"
validation,adaptive_linear_normalization,0.64,0.84444,0.71378,0.77541,0.73653,11,24,"[[23, 11], [24, 167]]"
validation,adaptive_linear_normalization,0.65,0.84,0.70851,0.77279,0.73157,11,25,"[[23, 11], [25, 166]]"
validation,adaptive_linear_normalization,0.66,0.83556,0.70344,0.77017,0.7267,11,26,"[[23, 11], [26, 165]]"
validation,adaptive_linear_normalization,0.67,0.83556,0.70344,0.77017,0.7267,11,26,"[[23, 11], [26, 165]]"
validation,adaptive_linear_normalization,0.68,0.82222,0.68936,0.76232,0.7125,11,29,"[[23, 11], [29, 162]]"
validation,adaptive_linear_normalization,0.69,0.80889,0.67674,0.75447,0.69887,11,32,"[[23, 11], [32, 159]]"
validation,adaptive_linear_normalization,0.7,0.79556,0.66534,0.74661,0.68575,11,35,"[[23, 11], [35, 156]]"
validation,adaptive_linear_normalization,0.71,0.79111,0.66178,0.74399,0.68149,11,36,"[[23, 11], [36, 155]]"
validation,adaptive_linear_normalization,0.72,0.78222,0.65961,0.75085,0.67802,10,39,"[[24, 10], [39, 152]]"
validation,adaptive_linear_normalization,0.73,0.76889,0.65516,0.75508,0.67039,9,43,"[[25, 9], [43, 148]]"
validation,adaptive_linear_normalization,0.74,0.77333,0.66741,0.78188,0.68323,7,44,"[[27, 7], [44, 147]]"
validation,adaptive_linear_normalization,0.75,0.77333,0.67204,0.79396,0.68734,6,45,"[[28, 6], [45, 146]]"
validation,adaptive_linear_normalization,0.76,0.76444,0.66667,0.78873,0.67917,6,47,"[[28, 6], [47, 144]]"
validation,adaptive_linear_normalization,0.77,0.75111,0.65908,0.78087,0.66716,6,50,"[[28, 6], [50, 141]]"
validation,adaptive_linear_normalization,0.78,0.73778,0.65201,0.77302,0.65542,6,53,"[[28, 6], [53, 138]]"
validation,adaptive_linear_normalization,0.79,0.71111,0.63918,0.75731,0.63262,6,59,"[[28, 6], [59, 132]]"
validation,adaptive_linear_normalization,0.8,0.69778,0.63333,0.74946,0.62151,6,62,"[[28, 6], [62, 129]]"
validation,adaptive_linear_normalization,0.81,0.70222,0.64614,0.77626,0.63251,4,63,"[[30, 4], [63, 128]]"
validation,adaptive_linear_normalization,0.82,0.68889,0.64075,0.7684,0.62139,4,66,"[[30, 4], [66, 125]]"
validation,adaptive_linear_normalization,0.83,0.68889,0.64075,0.7684,0.62139,4,66,"[[30, 4], [66, 125]]"
validation,adaptive_linear_normalization,0.84,0.66667,0.63239,0.75531,0.60317,4,71,"[[30, 4], [71, 120]]"
validation,adaptive_linear_normalization,0.85,0.63556,0.62787,0.74908,0.58129,3,79,"[[31, 3], [79, 112]]"
validation,adaptive_linear_normalization,0.86,0.61333,0.62115,0.73599,0.56354,3,84,"[[31, 3], [84, 107]]"
validation,adaptive_linear_normalization,0.87,0.58667,0.62028,0.73237,0.54512,2,91,"[[32, 2], [91, 100]]"
validation,adaptive_linear_normalization,0.88,0.56,0.61361,0.71666,0.52385,2,97,"[[32, 2], [97, 94]]"
validation,adaptive_linear_normalization,0.89,0.50222,0.60841,0.69472,0.47951,1,111,"[[33, 1], [111, 80]]"
validation,adaptive_linear_normalization,0.9,0.42222,0.59392,0.6476,0.41246,1,129,"[[33, 1], [129, 62]]"
validation,adaptive_linear_normalization,0.91,0.36,0.58355,0.61095,0.35714,1,143,"[[33, 1], [143, 48]]"
validation,adaptive_linear_normalization,0.92,0.27556,0.56795,0.56121,0.27533,1,162,"[[33, 1], [162, 29]]"
validation,adaptive_linear_normalization,0.93,0.21778,0.54992,0.52718,0.21329,1,175,"[[33, 1], [175, 16]]"
validation,adaptive_linear_normalization,0.94,0.19111,0.5787,0.52356,0.181,0,182,"[[34, 0], [182, 9]]"
validation,adaptive_linear_normalization,0.95,0.18222,0.57798,0.51832,0.17027,0,184,"[[34, 0], [184, 7]]"
validation,adaptive_linear_normalization,0.96,0.16444,0.57658,0.50785,0.14828,0,188,"[[34, 0], [188, 3]]"
validation,adaptive_linear_normalization,0.97,0.15556,0.57589,0.50262,0.13699,0,190,"[[34, 0], [190, 1]]"
validation,adaptive_linear_normalization,0.98,0.15111,0.07556,0.5,0.13127,0,191,"[[34, 0], [191, 0]]"
validation,adaptive_linear_normalization,0.99,0.15111,0.07556,0.5,0.13127,0,191,"[[34, 0], [191, 0]]"
test,adaptive_linear_normalization,0.01,0.81818,0.40909,0.5,0.45,40,0,"[[0, 40], [0, 180]]"
test,adaptive_linear_normalization,0.02,0.81818,0.40909,0.5,0.45,40,0,"[[0, 40], [0, 180]]"
test,adaptive_linear_normalization,0.03,0.81818,0.40909,0.5,0.45,40,0,"[[0, 40], [0, 180]]"
test,adaptive_linear_normalization,0.04,0.81818,0.40909,0.5,0.45,40,0,"[[0, 40], [0, 180]]"
test,adaptive_linear_normalization,0.05,0.81818,0.40909,0.5,0.45,40,0,"[[0, 40], [0, 180]]"
test,adaptive_linear_normalization,0.06,0.81818,0.40909,0.5,0.45,40,0,"[[0, 40], [0, 180]]"
test,adaptive_linear_normalization,0.07,0.81818,0.40909,0.5,0.45,40,0,"[[0, 40], [0, 180]]"
test,adaptive_linear_normalization,0.08,0.82273,0.91096,0.5125,0.47552,39,0,"[[1, 39], [0, 180]]"
test,adaptive_linear_normalization,0.09,0.82273,0.91096,0.5125,0.47552,39,0,"[[1, 39], [0, 180]]"
test,adaptive_linear_normalization,0.1,0.84091,0.9186,0.5625,0.56681,35,0,"[[5, 35], [0, 180]]"
test,adaptive_linear_normalization,0.11,0.84545,0.92056,0.575,0.58729,34,0,"[[6, 34], [0, 180]]"
test,adaptive_linear_normalization,0.12,0.85,0.92254,0.5875,0.60695,33,0,"[[7, 33], [0, 180]]"
test,adaptive_linear_normalization,0.13,0.85,0.92254,0.5875,0.60695,33,0,"[[7, 33], [0, 180]]"
test,adaptive_linear_normalization,0.14,0.85455,0.92453,0.6,0.62585,32,0,"[[8, 32], [0, 180]]"
test,adaptive_linear_normalization,0.15,0.85455,0.92453,0.6,0.62585,32,0,"[[8, 32], [0, 180]]"
test,adaptive_linear_normalization,0.16,0.85455,0.87619,0.60972,0.63897,31,1,"[[9, 31], [1, 179]]"
test,adaptive_linear_normalization,0.17,0.86364,0.86061,0.64444,0.68336,28,2,"[[12, 28], [2, 178]]"
test,adaptive_linear_normalization,0.18,0.86818,0.86748,0.65694,0.6987,27,2,"[[13, 27], [2, 178]]"
test,adaptive_linear_normalization,0.19,0.87273,0.87377,0.66944,0.71354,26,2,"[[14, 26], [2, 178]]"
test,adaptive_linear_normalization,0.2,0.87273,0.87377,0.66944,0.71354,26,2,"[[14, 26], [2, 178]]"
test,adaptive_linear_normalization,0.21,0.87273,0.85479,0.67917,0.72197,25,3,"[[15, 25], [3, 177]]"
test,adaptive_linear_normalization,0.22,0.86818,0.83255,0.67639,0.71618,25,4,"[[15, 25], [4, 176]]"
test,adaptive_linear_normalization,0.23,0.86818,0.83255,0.67639,0.71618,25,4,"[[15, 25], [4, 176]]"
test,adaptive_linear_normalization,0.24,0.87273,0.84,0.68889,0.72982,24,4,"[[16, 24], [4, 176]]"
test,adaptive_linear_normalization,0.25,0.87273,0.84,0.68889,0.72982,24,4,"[[16, 24], [4, 176]]"
test,adaptive_linear_normalization,0.26,0.86818,0.82065,0.68611,0.72404,24,5,"[[16, 24], [5, 175]]"
test,adaptive_linear_normalization,0.27,0.87273,0.82828,0.69861,0.73716,23,5,"[[17, 23], [5, 175]]"
test,adaptive_linear_normalization,0.28,0.88182,0.84226,0.72361,0.7623,21,5,"[[19, 21], [5, 175]]"
test,adaptive_linear_normalization,0.29,0.88182,0.84226,0.72361,0.7623,21,5,"[[19, 21], [5, 175]]"
test,adaptive_linear_normalization,0.3,0.88182,0.84226,0.72361,0.7623,21,5,"[[19, 21], [5, 175]]"
test,adaptive_linear_normalization,0.31,0.88636,0.84872,0.73611,0.77436,20,5,"[[20, 20], [5, 175]]"
test,adaptive_linear_normalization,0.32,0.88636,0.84872,0.73611,0.77436,20,5,"[[20, 20], [5, 175]]"
test,adaptive_linear_normalization,0.33,0.88182,0.82552,0.74306,0.77388,19,7,"[[21, 19], [7, 173]]"
test,adaptive_linear_normalization,0.34,0.88636,0.83219,0.75556,0.78515,18,7,"[[22, 18], [7, 173]]"
test,adaptive_linear_normalization,0.35,0.88636,0.83219,0.75556,0.78515,18,7,"[[22, 18], [7, 173]]"
test,adaptive_linear_normalization,0.36,0.88636,0.83219,0.75556,0.78515,18,7,"[[22, 18], [7, 173]]"
test,adaptive_linear_normalization,0.37,0.88182,0.8193,0.75278,0.77915,18,8,"[[22, 18], [8, 172]]"
test,adaptive_linear_normalization,0.38,0.88182,0.8193,0.75278,0.77915,18,8,"[[22, 18], [8, 172]]"
test,adaptive_linear_normalization,0.39,0.88636,0.82599,0.76528,0.79007,17,8,"[[23, 17], [8, 172]]"
test,adaptive_linear_normalization,0.4,0.88182,0.81416,0.7625,0.78412,17,9,"[[23, 17], [9, 171]]"
test,adaptive_linear_normalization,0.41,0.89091,0.82732,0.7875,0.80505,15,9,"[[25, 15], [9, 171]]"
test,adaptive_linear_normalization,0.42,0.89091,0.82732,0.7875,0.80505,15,9,"[[25, 15], [9, 171]]"
test,adaptive_linear_normalization,0.43,0.89545,0.83359,0.8,0.81516,14,9,"[[26, 14], [9, 171]]"
test,adaptive_linear_normalization,0.44,0.89545,0.83359,0.8,0.81516,14,9,"[[26, 14], [9, 171]]"
test,adaptive_linear_normalization,0.45,0.89545,0.83359,0.8,0.81516,14,9,"[[26, 14], [9, 171]]"
test,adaptive_linear_normalization,0.46,0.89545,0.83359,0.8,0.81516,14,9,"[[26, 14], [9, 171]]"
test,adaptive_linear_normalization,0.47,0.89545,0.83359,0.8,0.81516,14,9,"[[26, 14], [9, 171]]"
test,adaptive_linear_normalization,0.48,0.89545,0.83359,0.8,0.81516,14,9,"[[26, 14], [9, 171]]"
test,adaptive_linear_normalization,0.49,0.89545,0.83359,0.8,0.81516,14,9,"[[26, 14], [9, 171]]"
test,adaptive_linear_normalization,0.5,0.9,0.83967,0.8125,0.82504,13,9,"[[27, 13], [9, 171]]"
test,adaptive_linear_normalization,0.51,0.9,0.83967,0.8125,0.82504,13,9,"[[27, 13], [9, 171]]"
test,adaptive_linear_normalization,0.52,0.89545,0.82935,0.80972,0.81897,13,10,"[[27, 13], [10, 170]]"
test,adaptive_linear_normalization,0.53,0.89545,0.82935,0.80972,0.81897,13,10,"[[27, 13], [10, 170]]"
test,adaptive_linear_normalization,0.54,0.89091,0.81955,0.80694,0.813,13,11,"[[27, 13], [11, 169]]"
test,adaptive_linear_normalization,0.55,0.88636,0.81024,0.80417,0.80715,13,12,"[[27, 13], [12, 168]]"
test,adaptive_linear_normalization,0.56,0.88182,0.80139,0.80139,0.80139,13,13,"[[27, 13], [13, 167]]"
test,adaptive_linear_normalization,0.57,0.88182,0.80139,0.80139,0.80139,13,13,"[[27, 13], [13, 167]]"
test,adaptive_linear_normalization,0.58,0.87727,0.79296,0.79861,0.79573,13,14,"[[27, 13], [14, 166]]"
test,adaptive_linear_normalization,0.59,0.86818,0.77723,0.79306,0.78468,13,16,"[[27, 13], [16, 164]]"
test,adaptive_linear_normalization,0.6,0.85909,0.76286,0.7875,0.77399,13,18,"[[27, 13], [18, 162]]"
test,adaptive_linear_normalization,0.61,0.85909,0.76286,0.7875,0.77399,13,18,"[[27, 13], [18, 162]]"
test,adaptive_linear_normalization,0.62,0.85455,0.75612,0.78472,0.76876,13,19,"[[27, 13], [19, 161]]"
test,adaptive_linear_normalization,0.63,0.85,0.74966,0.78194,0.7636,13,20,"[[27, 13], [20, 160]]"
test,adaptive_linear_normalization,0.64,0.83636,0.73176,0.77361,0.74857,13,23,"[[27, 13], [23, 157]]"
test,adaptive_linear_normalization,0.65,0.83182,0.72822,0.78056,0.74776,12,25,"[[28, 12], [25, 155]]"
test,adaptive_linear_normalization,0.66,0.82727,0.72539,0.7875,0.74685,11,27,"[[29, 11], [27, 153]]"
test,adaptive_linear_normalization,0.67,0.82273,0.72064,0.78472,0.74212,11,28,"[[29, 11], [28, 152]]"
test,adaptive_linear_normalization,0.68,0.81818,0.71605,0.78194,0.73744,11,29,"[[29, 11], [29, 151]]"
test,adaptive_linear_normalization,0.69,0.80909,0.71029,0.78611,0.73199,10,32,"[[30, 10], [32, 148]]"
test,adaptive_linear_normalization,0.7,0.8,0.70232,0.78056,0.72299,10,34,"[[30, 10], [34, 146]]"
test,adaptive_linear_normalization,0.71,0.78636,0.69484,0.78194,0.71341,9,38,"[[31, 9], [38, 142]]"
test,adaptive_linear_normalization,0.72,0.77727,0.68811,0.77639,0.70481,9,40,"[[31, 9], [40, 140]]"
test,adaptive_linear_normalization,0.73,0.76818,0.68172,0.77083,0.69635,9,42,"[[31, 9], [42, 138]]"
test,adaptive_linear_normalization,0.74,0.75,0.66983,0.75972,0.67982,9,46,"[[31, 9], [46, 134]]"
test,adaptive_linear_normalization,0.75,0.74545,0.66703,0.75694,0.67576,9,47,"[[31, 9], [47, 133]]"
test,adaptive_linear_normalization,0.76,0.73182,0.65898,0.74861,0.66372,9,50,"[[31, 9], [50, 130]]"
test,adaptive_linear_normalization,0.77,0.71818,0.6562,0.75,0.65524,8,54,"[[32, 8], [54, 126]]"
test,adaptive_linear_normalization,0.78,0.7,0.64701,0.73889,0.6397,8,58,"[[32, 8], [58, 122]]"
test,adaptive_linear_normalization,0.79,0.68182,0.64365,0.7375,0.62752,7,63,"[[33, 7], [63, 117]]"
test,adaptive_linear_normalization,0.8,0.66818,0.63774,0.72917,0.61615,7,66,"[[33, 7], [66, 114]]"
test,adaptive_linear_normalization,0.81,0.65455,0.6321,0.72083,0.60488,7,69,"[[33, 7], [69, 111]]"
test,adaptive_linear_normalization,0.82,0.62727,0.62153,0.70417,0.58256,7,75,"[[33, 7], [75, 105]]"
test,adaptive_linear_normalization,0.83,0.60455,0.61331,0.69028,0.56412,7,80,"[[33, 7], [80, 100]]"
test,adaptive_linear_normalization,0.84,0.60455,0.61925,0.7,0.56672,6,81,"[[34, 6], [81, 99]]"
test,adaptive_linear_normalization,0.85,0.57727,0.61019,0.68333,0.54451,6,87,"[[34, 6], [87, 93]]"
test,adaptive_linear_normalization,0.86,0.55455,0.60954,0.67917,0.52819,5,93,"[[35, 5], [93, 87]]"
test,adaptive_linear_normalization,0.87,0.52727,0.60153,0.6625,0.50566,5,99,"[[35, 5], [99, 81]]"
test,adaptive_linear_normalization,0.88,0.50909,0.60357,0.66111,0.49231,4,104,"[[36, 4], [104, 76]]"
test,adaptive_linear_normalization,0.89,0.48636,0.6053,0.65694,0.47454,3,110,"[[37, 3], [110, 70]]"
test,adaptive_linear_normalization,0.9,0.45909,0.6072,0.65,0.45201,2,117,"[[38, 2], [117, 63]]"
test,adaptive_linear_normalization,0.91,0.40909,0.59594,0.61944,0.40669,2,128,"[[38, 2], [128, 52]]"
test,adaptive_linear_normalization,0.92,0.36364,0.58523,0.59167,0.36343,2,138,"[[38, 2], [138, 42]]"
test,adaptive_linear_normalization,0.93,0.32273,0.58913,0.57639,0.32204,1,148,"[[39, 1], [148, 32]]"
test,adaptive_linear_normalization,0.94,0.29091,0.60204,0.56667,0.28714,0,156,"[[40, 0], [156, 24]]"
test,adaptive_linear_normalization,0.95,0.24545,0.59709,0.53889,0.23477,0,166,"[[40, 0], [166, 14]]"
test,adaptive_linear_normalization,0.96,0.22727,0.59524,0.52778,0.21263,0,170,"[[40, 0], [170, 10]]"
test,adaptive_linear_normalization,0.97,0.20455,0.59302,0.51389,0.18389,0,175,"[[40, 0], [175, 5]]"
test,adaptive_linear_normalization,0.98,0.19091,0.59174,0.50556,0.16603,0,178,"[[40, 0], [178, 2]]"
test,adaptive_linear_normalization,0.99,0.18182,0.09091,0.5,0.15385,0,180,"[[40, 0], [180, 0]]"
